births-cache-size,marriages-cache-size,deaths-cache-size,ros,threshold,"pre-filter-required-fields",max-sibling-age-diff,min-marriage-age,min-parenting-age,max-parenting-age,"max-marriage-age-discrepancy",max-death-age,linkage-results-file,reason,priority,required-memory,seed,population,size,corruption-profile,metric,linkage-type,pre-filter,persist-links,evaluate-quality,experiment-id,linkage-phase,pop-number,"single-path-indirect-evaluation-approach","dual-path-indirect-evaluation-approach"
90000,90000,90000,70,0.5,5,50,15,15,55,20,120,"cluster-runs/results/linkage-BDI-indirect-sif-10.csv",initial,4,12,12345,synthetic-scotland,133k,A,JENSEN_SHANNON,"reversed-birth-bride-identity",true,false,true,"DF7A090C61E37E675D659EE1C723AE3CE9A6807AB0FAE80847582955CCA2A4D8",B2,2,"reversed-female-birth-death-identity.ALL","reversed-birth-death-identity.ALL"
90000,90000,90000,70,0.7,6,50,15,15,55,20,120,"cluster-runs/results/linkage-BDI-indirect-sif-10.csv",initial,4,12,12345,synthetic-scotland,133k,A,JENSEN_SHANNON,death-groom-identity,true,false,true,"FC2069841C287B3164A4F049B32309810F41D5AF96A444F73BD2E55A09EAB781",A1,3,"reversed-male-birth-death-identity.ALL","reversed-birth-death-identity.ALL"
90000,90000,90000,70,0.1,6,50,15,15,55,20,120,"cluster-runs/results/linkage-BDI-indirect-sif-10.csv",initial,4,12,12345,synthetic-scotland,13k,A,JENSEN_SHANNON,death-groom-identity,true,false,true,"0EB6EDF210215EA7F423E0E5BB9B734D2A5333B5CFD243850B9DFB06F49BAAEB",A1,1,"reversed-male-birth-death-identity.ALL","reversed-birth-death-identity.ALL"
90000,90000,90000,70,0.3,5,50,15,15,55,20,120,"cluster-runs/results/linkage-BDI-indirect-sif-10.csv",initial,4,12,12345,synthetic-scotland,133k,A,JENSEN_SHANNON,"reversed-birth-bride-identity",true,false,true,"65263BE758BDB54A0BAA3E51E6934B32DE1D79045DA20DB879ED33A893586639",B2,1,"reversed-female-birth-death-identity.ALL","reversed-birth-death-identity.ALL"
90000,90000,90000,70,0.7,5,50,15,15,55,20,120,"cluster-runs/results/linkage-BDI-indirect-sif-10.csv",initial,4,12,12345,synthetic-scotland,133k,A,JENSEN_SHANNON,"reversed-birth-groom-identity",true,false,true,"E791E1D5898ABAA47E3BF9D5E44B2AE5FDB4C2255FA591D409EF0C2558B9E554",A2,1,"reversed-male-birth-death-identity.ALL","reversed-birth-death-identity.ALL"
90000,90000,90000,70,0.1,6,50,15,15,55,20,120,"cluster-runs/results/linkage-BDI-indirect-sif-10.csv",initial,4,12,12345,synthetic-scotland,13k,A,JENSEN_SHANNON,death-groom-identity,true,false,true,"C4AD8F5321786B5ED86A27422FA45686BD62F15A0034B538014E9CBE3E9DBAE9",A1,2,"reversed-male-birth-death-identity.ALL","reversed-birth-death-identity.ALL"
90000,90000,90000,70,0.5,6,50,15,15,55,20,120,"cluster-runs/results/linkage-BDI-indirect-sif-10.csv",initial,4,12,12345,synthetic-scotland,13k,A,JENSEN_SHANNON,death-bride-identity,true,false,true,"FBE8B76B6CDFEC5EE7D95FBCA0FB77E537FFF066ACAF16A091EAFA4A1B2FCC11",B1,2,"reversed-female-birth-death-identity.ALL","reversed-birth-death-identity.ALL"
90000,90000,90000,70,0.7,6,50,15,15,55,20,120,"cluster-runs/results/linkage-BDI-indirect-sif-10.csv",initial,4,12,12345,synthetic-scotland,13k,A,JENSEN_SHANNON,death-bride-identity,true,false,true,"F50741849D55BFEB826E72A04DDD9D11161762721F620E96E674AEFA2248856D",B1,1,"reversed-female-birth-death-identity.ALL","reversed-birth-death-identity.ALL"
90000,90000,90000,70,0.5,5,50,15,15,55,20,120,"cluster-runs/results/linkage-BDI-indirect-sif-10.csv",initial,4,12,12345,synthetic-scotland,13k,A,JENSEN_SHANNON,"reversed-birth-bride-identity",true,false,true,"BCA64D3BC59C2FF77246AB7FCBE0AD88A5061DAE50D19950ED3B798ACB50DB3A",B2,2,"reversed-female-birth-death-identity.ALL","reversed-birth-death-identity.ALL"
90000,90000,90000,70,0.5,6,50,15,15,55,20,120,"cluster-runs/results/linkage-BDI-indirect-sif-10.csv",initial,4,12,12345,synthetic-scotland,133k,A,JENSEN_SHANNON,death-groom-identity,true,false,true,"199227BAED6EB30511601AF162A12CA6947478D683EEB32EA802C61E44FD6096",A1,2,"reversed-male-birth-death-identity.ALL","reversed-birth-death-identity.ALL"
90000,90000,90000,70,0.1,5,50,15,15,55,20,120,"cluster-runs/results/linkage-BDI-indirect-sif-10.csv",initial,4,12,12345,synthetic-scotland,133k,A,JENSEN_SHANNON,"reversed-birth-bride-identity",true,false,true,"948FD6187057FA7B8AC8C999B287E41D5B0A1C294E225BA184BA25BB347925FE",B2,2,"reversed-female-birth-death-identity.ALL","reversed-birth-death-identity.ALL"
90000,90000,90000,70,0.1,6,50,15,15,55,20,120,"cluster-runs/results/linkage-BDI-indirect-sif-10.csv",initial,4,12,12345,synthetic-scotland,133k,A,JENSEN_SHANNON,death-bride-identity,true,false,true,"F7931DED36D9BB3E38218784E020613DA2CF08BB051A7CC6D26F86A92E701808",B1,1,"reversed-female-birth-death-identity.ALL","reversed-birth-death-identity.ALL"
90000,90000,90000,70,0.5,6,50,15,15,55,20,120,"cluster-runs/results/linkage-BDI-indirect-sif-10.csv",initial,4,12,12345,synthetic-scotland,133k,A,JENSEN_SHANNON,death-groom-identity,true,false,true,"948FD6187057FA7B8AC8C999B287E41D5B0A1C294E225BA184BA25BB347925FE",A1,2,"reversed-male-birth-death-identity.ALL","reversed-birth-death-identity.ALL"
90000,90000,90000,70,0.1,6,50,15,15,55,20,120,"cluster-runs/results/linkage-BDI-indirect-sif-10.csv",initial,4,12,12345,synthetic-scotland,133k,A,JENSEN_SHANNON,death-groom-identity,true,false,true,"0DE8EA103B99ED53D1F6E68E344C589F06562CD2BE63E8BCB3FEF3FF41DF7686",A1,4,"reversed-male-birth-death-identity.ALL","reversed-birth-death-identity.ALL"
90000,90000,90000,70,0.5,5,50,15,15,55,20,120,"cluster-runs/results/linkage-BDI-indirect-sif-10.csv",initial,4,12,12345,synthetic-scotland,133k,A,JENSEN_SHANNON,"reversed-birth-groom-identity",true,false,true,"627ADE7E5A397C64A424513172E994C82AE1E902E5F87B742A8F425C9DAF478C",A2,1,"reversed-male-birth-death-identity.ALL","reversed-birth-death-identity.ALL"
90000,90000,90000,70,0.5,5,50,15,15,55,20,120,"cluster-runs/results/linkage-BDI-indirect-sif-10.csv",initial,4,12,12345,synthetic-scotland,133k,A,JENSEN_SHANNON,"reversed-birth-groom-identity",true,false,true,"9E97F827E6536DF8AE891E1019A504BE443B728C07798F8B95F5324968D45CC1",A2,4,"reversed-male-birth-death-identity.ALL","reversed-birth-death-identity.ALL"
90000,90000,90000,70,0.3,6,50,15,15,55,20,120,"cluster-runs/results/linkage-BDI-indirect-sif-10.csv",initial,4,12,12345,synthetic-scotland,133k,A,JENSEN_SHANNON,death-bride-identity,true,false,true,"6ADF2D9FE3A9549BE5968196703245976E5771989B7EE732575288CBA609B35D",B1,3,"reversed-female-birth-death-identity.ALL","reversed-birth-death-identity.ALL"
90000,90000,90000,70,0.3,5,50,15,15,55,20,120,"cluster-runs/results/linkage-BDI-indirect-sif-10.csv",initial,4,12,12345,synthetic-scotland,13k,A,JENSEN_SHANNON,"reversed-birth-groom-identity",true,false,true,"8356668204B7E42CCA655E1D36163B8073CB73E53CA3FFA9972369567CDD72E6",A2,1,"reversed-male-birth-death-identity.ALL","reversed-birth-death-identity.ALL"
90000,90000,90000,70,0.3,6,50,15,15,55,20,120,"cluster-runs/results/linkage-BDI-indirect-sif-10.csv",initial,4,12,12345,synthetic-scotland,13k,A,JENSEN_SHANNON,death-groom-identity,true,false,true,"55E9E47AF873157DED9C70C791C4E14F5A6C070B010A50A68B4222B66840E1B8",A1,2,"reversed-male-birth-death-identity.ALL","reversed-birth-death-identity.ALL"
90000,90000,90000,70,0.5,6,50,15,15,55,20,120,"cluster-runs/results/linkage-BDI-indirect-sif-10.csv",initial,4,12,12345,synthetic-scotland,133k,A,JENSEN_SHANNON,death-groom-identity,true,false,true,"567CFC12FA263FA02159B50CF84A1BC28705B7CC976319207580C341CA2F4239",A1,1,"reversed-male-birth-death-identity.ALL","reversed-birth-death-identity.ALL"
90000,90000,90000,70,0.3,5,50,15,15,55,20,120,"cluster-runs/results/linkage-BDI-indirect-sif-10.csv",initial,4,12,12345,synthetic-scotland,13k,A,JENSEN_SHANNON,"reversed-birth-bride-identity",true,false,true,"59D18183EEF97B2BEDAA7041AFF6B48B3AB467F9F933E2246136AE5F32BA996E",B2,2,"reversed-female-birth-death-identity.ALL","reversed-birth-death-identity.ALL"
90000,90000,90000,70,0.1,5,50,15,15,55,20,120,"cluster-runs/results/linkage-BDI-indirect-sif-10.csv",initial,4,12,12345,synthetic-scotland,133k,A,JENSEN_SHANNON,"reversed-birth-bride-identity",true,false,true,"A1F6AE919FB3AD45147D220963AC3766480ECDF832DB27A3AA1562F01B69D9A5",B2,1,"reversed-female-birth-death-identity.ALL","reversed-birth-death-identity.ALL"
90000,90000,90000,70,0.1,5,50,15,15,55,20,120,"cluster-runs/results/linkage-BDI-indirect-sif-10.csv",initial,4,12,12345,synthetic-scotland,133k,A,JENSEN_SHANNON,"reversed-birth-bride-identity",true,false,true,"C162047F285D6A607AD033917DCE12C7D67EFEAE40FE836DEE51C963F4CEEB13",B2,1,"reversed-female-birth-death-identity.ALL","reversed-birth-death-identity.ALL"
90000,90000,90000,70,0.7,6,50,15,15,55,20,120,"cluster-runs/results/linkage-BDI-indirect-sif-10.csv",initial,4,12,12345,synthetic-scotland,133k,A,JENSEN_SHANNON,death-groom-identity,true,false,true,"C162047F285D6A607AD033917DCE12C7D67EFEAE40FE836DEE51C963F4CEEB13",A1,1,"reversed-male-birth-death-identity.ALL","reversed-birth-death-identity.ALL"
90000,90000,90000,70,0.7,5,50,15,15,55,20,120,"cluster-runs/results/linkage-BDI-indirect-sif-10.csv",initial,4,12,12345,synthetic-scotland,133k,A,JENSEN_SHANNON,"reversed-birth-groom-identity",true,false,true,"1DAAA50582F4FE55E6FBB1D0388356A4E95D0E1151CF772A99450536B96B1E33",A2,4,"reversed-male-birth-death-identity.ALL","reversed-birth-death-identity.ALL"
90000,90000,90000,70,0.5,5,50,15,15,55,20,120,"cluster-runs/results/linkage-BDI-indirect-sif-10.csv",initial,4,12,12345,synthetic-scotland,13k,A,JENSEN_SHANNON,"reversed-birth-bride-identity",true,false,true,"2B83A91D3CF460E8E318E15C503F1F309C3265652A4440E6046AD7B8BDE56B70",B2,2,"reversed-female-birth-death-identity.ALL","reversed-birth-death-identity.ALL"
90000,90000,90000,70,0.1,6,50,15,15,55,20,120,"cluster-runs/results/linkage-BDI-indirect-sif-10.csv",initial,4,12,12345,synthetic-scotland,133k,A,JENSEN_SHANNON,death-bride-identity,true,false,true,"1DAAA50582F4FE55E6FBB1D0388356A4E95D0E1151CF772A99450536B96B1E33",B1,4,"reversed-female-birth-death-identity.ALL","reversed-birth-death-identity.ALL"
90000,90000,90000,70,0.1,5,50,15,15,55,20,120,"cluster-runs/results/linkage-BDI-indirect-sif-10.csv",initial,4,12,12345,synthetic-scotland,133k,A,JENSEN_SHANNON,"reversed-birth-bride-identity",true,false,true,"51494911D4EA58264500E4058663FAC6CD60206DFF3420EB9CC083F84AFCBF26",B2,1,"reversed-female-birth-death-identity.ALL","reversed-birth-death-identity.ALL"
90000,90000,90000,70,0.5,6,50,15,15,55,20,120,"cluster-runs/results/linkage-BDI-indirect-sif-10.csv",initial,4,12,12345,synthetic-scotland,13k,A,JENSEN_SHANNON,death-groom-identity,true,false,true,"F50741849D55BFEB826E72A04DDD9D11161762721F620E96E674AEFA2248856D",A1,1,"reversed-male-birth-death-identity.ALL","reversed-birth-death-identity.ALL"
90000,90000,90000,70,0.7,6,50,15,15,55,20,120,"cluster-runs/results/linkage-BDI-indirect-sif-10.csv",initial,4,12,12345,synthetic-scotland,133k,A,JENSEN_SHANNON,death-bride-identity,true,false,true,"B2A8BBD87B078AB0FAC663682B2D4E6737BDFBCD220AEE293AD0442D65F0E038",B1,2,"reversed-female-birth-death-identity.ALL","reversed-birth-death-identity.ALL"
90000,90000,90000,70,0.5,5,50,15,15,55,20,120,"cluster-runs/results/linkage-BDI-indirect-sif-10.csv",initial,4,12,12345,synthetic-scotland,133k,A,JENSEN_SHANNON,"reversed-birth-groom-identity",true,false,true,"DF7A090C61E37E675D659EE1C723AE3CE9A6807AB0FAE80847582955CCA2A4D8",A2,2,"reversed-male-birth-death-identity.ALL","reversed-birth-death-identity.ALL"
90000,90000,90000,70,0.1,6,50,15,15,55,20,120,"cluster-runs/results/linkage-BDI-indirect-sif-10.csv",initial,4,12,12345,synthetic-scotland,13k,A,JENSEN_SHANNON,death-bride-identity,true,false,true,"672C4D975DFD16C3FF5C3F88AB35F54D7473244C19F4519EA29E24B1CD0139AD",B1,3,"reversed-female-birth-death-identity.ALL","reversed-birth-death-identity.ALL"
90000,90000,90000,70,0.5,6,50,15,15,55,20,120,"cluster-runs/results/linkage-BDI-indirect-sif-10.csv",initial,4,12,12345,synthetic-scotland,133k,A,JENSEN_SHANNON,death-bride-identity,true,false,true,"0DE8EA103B99ED53D1F6E68E344C589F06562CD2BE63E8BCB3FEF3FF41DF7686",B1,4,"reversed-female-birth-death-identity.ALL","reversed-birth-death-identity.ALL"
90000,90000,90000,70,0.1,6,50,15,15,55,20,120,"cluster-runs/results/linkage-BDI-indirect-sif-10.csv",initial,4,12,12345,synthetic-scotland,133k,A,JENSEN_SHANNON,death-groom-identity,true,false,true,"627ADE7E5A397C64A424513172E994C82AE1E902E5F87B742A8F425C9DAF478C",A1,1,"reversed-male-birth-death-identity.ALL","reversed-birth-death-identity.ALL"
90000,90000,90000,70,0.1,6,50,15,15,55,20,120,"cluster-runs/results/linkage-BDI-indirect-sif-10.csv",initial,4,12,12345,synthetic-scotland,133k,A,JENSEN_SHANNON,death-groom-identity,true,false,true,"DF7A090C61E37E675D659EE1C723AE3CE9A6807AB0FAE80847582955CCA2A4D8",A1,2,"reversed-male-birth-death-identity.ALL","reversed-birth-death-identity.ALL"
90000,90000,90000,70,0.7,5,50,15,15,55,20,120,"cluster-runs/results/linkage-BDI-indirect-sif-10.csv",initial,4,12,12345,synthetic-scotland,133k,A,JENSEN_SHANNON,"reversed-birth-groom-identity",true,false,true,"EB38F51A3F4C1E050BA29B33C4B4D8E3B0E5EEFBB5682B3B82F091BFB496138E",A2,4,"reversed-male-birth-death-identity.ALL","reversed-birth-death-identity.ALL"
90000,90000,90000,70,0.3,6,50,15,15,55,20,120,"cluster-runs/results/linkage-BDI-indirect-sif-10.csv",initial,4,12,12345,synthetic-scotland,13k,A,JENSEN_SHANNON,death-groom-identity,true,false,true,"146B2FF26AD6B4A655DA37F711C55068CAEDA3AA641FEAC441716993F80255B2",A1,4,"reversed-male-birth-death-identity.ALL","reversed-birth-death-identity.ALL"
90000,90000,90000,70,0.3,6,50,15,15,55,20,120,"cluster-runs/results/linkage-BDI-indirect-sif-10.csv",initial,4,12,12345,synthetic-scotland,133k,A,JENSEN_SHANNON,death-bride-identity,true,false,true,"51494911D4EA58264500E4058663FAC6CD60206DFF3420EB9CC083F84AFCBF26",B1,1,"reversed-female-birth-death-identity.ALL","reversed-birth-death-identity.ALL"
90000,90000,90000,70,0.3,6,50,15,15,55,20,120,"cluster-runs/results/linkage-BDI-indirect-sif-10.csv",initial,4,12,12345,synthetic-scotland,13k,A,JENSEN_SHANNON,death-groom-identity,true,false,true,"AB9295AFF383D0D2FB9B981FAEEC671C456DB3D570FC0671315F7CB29B3614AD",A1,3,"reversed-male-birth-death-identity.ALL","reversed-birth-death-identity.ALL"
90000,90000,90000,70,0.3,6,50,15,15,55,20,120,"cluster-runs/results/linkage-BDI-indirect-sif-10.csv",initial,4,12,12345,synthetic-scotland,13k,A,JENSEN_SHANNON,death-bride-identity,true,false,true,"5B0E40E8B5EBD7E4FC37B04789AB2AEC760C1BAB674E32647CD608FEDF6E2A1D",B1,4,"reversed-female-birth-death-identity.ALL","reversed-birth-death-identity.ALL"
90000,90000,90000,70,0.1,5,50,15,15,55,20,120,"cluster-runs/results/linkage-BDI-indirect-sif-10.csv",initial,4,12,12345,synthetic-scotland,133k,A,JENSEN_SHANNON,"reversed-birth-bride-identity",true,false,true,"B2A8BBD87B078AB0FAC663682B2D4E6737BDFBCD220AEE293AD0442D65F0E038",B2,2,"reversed-female-birth-death-identity.ALL","reversed-birth-death-identity.ALL"
90000,90000,90000,70,0.5,5,50,15,15,55,20,120,"cluster-runs/results/linkage-BDI-indirect-sif-10.csv",initial,4,12,12345,synthetic-scotland,133k,A,JENSEN_SHANNON,"reversed-birth-bride-identity",true,false,true,"F7931DED36D9BB3E38218784E020613DA2CF08BB051A7CC6D26F86A92E701808",B2,1,"reversed-female-birth-death-identity.ALL","reversed-birth-death-identity.ALL"
90000,90000,90000,70,0.5,5,50,15,15,55,20,120,"cluster-runs/results/linkage-BDI-indirect-sif-10.csv",initial,4,12,12345,synthetic-scotland,13k,A,JENSEN_SHANNON,"reversed-birth-bride-identity",true,false,true,"E6F10C654B7D0BC2FCAC7B2F86341A7F4698C1C8A03D27E10518A55C4FFB170F",B2,3,"reversed-female-birth-death-identity.ALL","reversed-birth-death-identity.ALL"
90000,90000,90000,70,0.1,6,50,15,15,55,20,120,"cluster-runs/results/linkage-BDI-indirect-sif-10.csv",initial,4,12,12345,synthetic-scotland,133k,A,JENSEN_SHANNON,death-groom-identity,true,false,true,"EB38F51A3F4C1E050BA29B33C4B4D8E3B0E5EEFBB5682B3B82F091BFB496138E",A1,4,"reversed-male-birth-death-identity.ALL","reversed-birth-death-identity.ALL"
90000,90000,90000,70,0.1,6,50,15,15,55,20,120,"cluster-runs/results/linkage-BDI-indirect-sif-10.csv",initial,4,12,12345,synthetic-scotland,133k,A,JENSEN_SHANNON,death-bride-identity,true,false,true,"F1E8FE14AB3880568946FE77663325C2256D7F8F99E4EADEE535DC316E2D157A",B1,1,"reversed-female-birth-death-identity.ALL","reversed-birth-death-identity.ALL"
90000,90000,90000,70,0.7,5,50,15,15,55,20,120,"cluster-runs/results/linkage-BDI-indirect-sif-10.csv",initial,4,12,12345,synthetic-scotland,13k,A,JENSEN_SHANNON,"reversed-birth-bride-identity",true,false,true,"5B0E40E8B5EBD7E4FC37B04789AB2AEC760C1BAB674E32647CD608FEDF6E2A1D",B2,4,"reversed-female-birth-death-identity.ALL","reversed-birth-death-identity.ALL"
90000,90000,90000,70,0.7,5,50,15,15,55,20,120,"cluster-runs/results/linkage-BDI-indirect-sif-10.csv",initial,4,12,12345,synthetic-scotland,13k,A,JENSEN_SHANNON,"reversed-birth-bride-identity",true,false,true,"55E9E47AF873157DED9C70C791C4E14F5A6C070B010A50A68B4222B66840E1B8",B2,2,"reversed-female-birth-death-identity.ALL","reversed-birth-death-identity.ALL"
90000,90000,90000,70,0.7,5,50,15,15,55,20,120,"cluster-runs/results/linkage-BDI-indirect-sif-10.csv",initial,4,12,12345,synthetic-scotland,133k,A,JENSEN_SHANNON,"reversed-birth-bride-identity",true,false,true,"11BAFCB29BF8DB2DE186B881A838F04B0DEB5F63FF0EB8B304D6AF9395A83603",B2,4,"reversed-female-birth-death-identity.ALL","reversed-birth-death-identity.ALL"
90000,90000,90000,70,0.7,6,50,15,15,55,20,120,"cluster-runs/results/linkage-BDI-indirect-sif-10.csv",initial,4,12,12345,synthetic-scotland,133k,A,JENSEN_SHANNON,death-bride-identity,true,false,true,"A1F6AE919FB3AD45147D220963AC3766480ECDF832DB27A3AA1562F01B69D9A5",B1,1,"reversed-female-birth-death-identity.ALL","reversed-birth-death-identity.ALL"
90000,90000,90000,70,0.3,6,50,15,15,55,20,120,"cluster-runs/results/linkage-BDI-indirect-sif-10.csv",initial,4,12,12345,synthetic-scotland,133k,A,JENSEN_SHANNON,death-groom-identity,true,false,true,"6ADF2D9FE3A9549BE5968196703245976E5771989B7EE732575288CBA609B35D",A1,3,"reversed-male-birth-death-identity.ALL","reversed-birth-death-identity.ALL"
90000,90000,90000,70,0.5,6,50,15,15,55,20,120,"cluster-runs/results/linkage-BDI-indirect-sif-10.csv",initial,4,12,12345,synthetic-scotland,133k,A,JENSEN_SHANNON,death-bride-identity,true,false,true,"9E97F827E6536DF8AE891E1019A504BE443B728C07798F8B95F5324968D45CC1",B1,4,"reversed-female-birth-death-identity.ALL","reversed-birth-death-identity.ALL"
90000,90000,90000,70,0.5,5,50,15,15,55,20,120,"cluster-runs/results/linkage-BDI-indirect-sif-10.csv",initial,4,12,12345,synthetic-scotland,13k,A,JENSEN_SHANNON,"reversed-birth-bride-identity",true,false,true,"672C4D975DFD16C3FF5C3F88AB35F54D7473244C19F4519EA29E24B1CD0139AD",B2,3,"reversed-female-birth-death-identity.ALL","reversed-birth-death-identity.ALL"
90000,90000,90000,70,0.3,5,50,15,15,55,20,120,"cluster-runs/results/linkage-BDI-indirect-sif-10.csv",initial,4,12,12345,synthetic-scotland,13k,A,JENSEN_SHANNON,"reversed-birth-bride-identity",true,false,true,"8356668204B7E42CCA655E1D36163B8073CB73E53CA3FFA9972369567CDD72E6",B2,1,"reversed-female-birth-death-identity.ALL","reversed-birth-death-identity.ALL"
90000,90000,90000,70,0.5,5,50,15,15,55,20,120,"cluster-runs/results/linkage-BDI-indirect-sif-10.csv",initial,4,12,12345,synthetic-scotland,133k,A,JENSEN_SHANNON,"reversed-birth-bride-identity",true,false,true,"0DE8EA103B99ED53D1F6E68E344C589F06562CD2BE63E8BCB3FEF3FF41DF7686",B2,4,"reversed-female-birth-death-identity.ALL","reversed-birth-death-identity.ALL"
90000,90000,90000,70,0.3,5,50,15,15,55,20,120,"cluster-runs/results/linkage-BDI-indirect-sif-10.csv",initial,4,12,12345,synthetic-scotland,13k,A,JENSEN_SHANNON,"reversed-birth-groom-identity",true,false,true,"5B0E40E8B5EBD7E4FC37B04789AB2AEC760C1BAB674E32647CD608FEDF6E2A1D",A2,4,"reversed-male-birth-death-identity.ALL","reversed-birth-death-identity.ALL"
90000,90000,90000,70,0.3,6,50,15,15,55,20,120,"cluster-runs/results/linkage-BDI-indirect-sif-10.csv",initial,4,12,12345,synthetic-scotland,133k,A,JENSEN_SHANNON,death-bride-identity,true,false,true,"EB38F51A3F4C1E050BA29B33C4B4D8E3B0E5EEFBB5682B3B82F091BFB496138E",B1,4,"reversed-female-birth-death-identity.ALL","reversed-birth-death-identity.ALL"
90000,90000,90000,70,0.5,5,50,15,15,55,20,120,"cluster-runs/results/linkage-BDI-indirect-sif-10.csv",initial,4,12,12345,synthetic-scotland,13k,A,JENSEN_SHANNON,"reversed-birth-bride-identity",true,false,true,"C4AD8F5321786B5ED86A27422FA45686BD62F15A0034B538014E9CBE3E9DBAE9",B2,2,"reversed-female-birth-death-identity.ALL","reversed-birth-death-identity.ALL"
90000,90000,90000,70,0.1,6,50,15,15,55,20,120,"cluster-runs/results/linkage-BDI-indirect-sif-10.csv",initial,4,12,12345,synthetic-scotland,13k,A,JENSEN_SHANNON,death-groom-identity,true,false,true,"FBE8B76B6CDFEC5EE7D95FBCA0FB77E537FFF066ACAF16A091EAFA4A1B2FCC11",A1,2,"reversed-male-birth-death-identity.ALL","reversed-birth-death-identity.ALL"
90000,90000,90000,70,0.1,6,50,15,15,55,20,120,"cluster-runs/results/linkage-BDI-indirect-sif-10.csv",initial,4,12,12345,synthetic-scotland,13k,A,JENSEN_SHANNON,death-bride-identity,true,false,true,"55E9E47AF873157DED9C70C791C4E14F5A6C070B010A50A68B4222B66840E1B8",B1,2,"reversed-female-birth-death-identity.ALL","reversed-birth-death-identity.ALL"
90000,90000,90000,70,0.3,6,50,15,15,55,20,120,"cluster-runs/results/linkage-BDI-indirect-sif-10.csv",initial,4,12,12345,synthetic-scotland,133k,A,JENSEN_SHANNON,death-bride-identity,true,false,true,"DF7A090C61E37E675D659EE1C723AE3CE9A6807AB0FAE80847582955CCA2A4D8",B1,2,"reversed-female-birth-death-identity.ALL","reversed-birth-death-identity.ALL"
90000,90000,90000,70,0.1,5,50,15,15,55,20,120,"cluster-runs/results/linkage-BDI-indirect-sif-10.csv",initial,4,12,12345,synthetic-scotland,133k,A,JENSEN_SHANNON,"reversed-birth-groom-identity",true,false,true,"65263BE758BDB54A0BAA3E51E6934B32DE1D79045DA20DB879ED33A893586639",A2,1,"reversed-male-birth-death-identity.ALL","reversed-birth-death-identity.ALL"
90000,90000,90000,70,0.3,6,50,15,15,55,20,120,"cluster-runs/results/linkage-BDI-indirect-sif-10.csv",initial,4,12,12345,synthetic-scotland,133k,A,JENSEN_SHANNON,death-bride-identity,true,false,true,"65263BE758BDB54A0BAA3E51E6934B32DE1D79045DA20DB879ED33A893586639",B1,1,"reversed-female-birth-death-identity.ALL","reversed-birth-death-identity.ALL"
90000,90000,90000,70,0.5,6,50,15,15,55,20,120,"cluster-runs/results/linkage-BDI-indirect-sif-10.csv",initial,4,12,12345,synthetic-scotland,133k,A,JENSEN_SHANNON,death-groom-identity,true,false,true,"FC634D345C5AE55EFEB0DF3E0B6B5D54582DC42365444D0D72273BD51436E211",A1,3,"reversed-male-birth-death-identity.ALL","reversed-birth-death-identity.ALL"
90000,90000,90000,70,0.5,6,50,15,15,55,20,120,"cluster-runs/results/linkage-BDI-indirect-sif-10.csv",initial,4,12,12345,synthetic-scotland,133k,A,JENSEN_SHANNON,death-bride-identity,true,false,true,"199227BAED6EB30511601AF162A12CA6947478D683EEB32EA802C61E44FD6096",B1,2,"reversed-female-birth-death-identity.ALL","reversed-birth-death-identity.ALL"
90000,90000,90000,70,0.1,5,50,15,15,55,20,120,"cluster-runs/results/linkage-BDI-indirect-sif-10.csv",initial,4,12,12345,synthetic-scotland,13k,A,JENSEN_SHANNON,"reversed-birth-groom-identity",true,false,true,"C4AD8F5321786B5ED86A27422FA45686BD62F15A0034B538014E9CBE3E9DBAE9",A2,2,"reversed-male-birth-death-identity.ALL","reversed-birth-death-identity.ALL"
90000,90000,90000,70,0.5,5,50,15,15,55,20,120,"cluster-runs/results/linkage-BDI-indirect-sif-10.csv",initial,4,12,12345,synthetic-scotland,13k,A,JENSEN_SHANNON,"reversed-birth-groom-identity",true,false,true,"672C4D975DFD16C3FF5C3F88AB35F54D7473244C19F4519EA29E24B1CD0139AD",A2,3,"reversed-male-birth-death-identity.ALL","reversed-birth-death-identity.ALL"
90000,90000,90000,70,0.7,5,50,15,15,55,20,120,"cluster-runs/results/linkage-BDI-indirect-sif-10.csv",initial,4,12,12345,synthetic-scotland,133k,A,JENSEN_SHANNON,"reversed-birth-bride-identity",true,false,true,"EDD2B733472B051BDB8B06C922C505E8CA6D1A17533C1CC40E8DED1EA2FE0A6E",B2,1,"reversed-female-birth-death-identity.ALL","reversed-birth-death-identity.ALL"
90000,90000,90000,70,0.3,5,50,15,15,55,20,120,"cluster-runs/results/linkage-BDI-indirect-sif-10.csv",initial,4,12,12345,synthetic-scotland,133k,A,JENSEN_SHANNON,"reversed-birth-groom-identity",true,false,true,"0DE8EA103B99ED53D1F6E68E344C589F06562CD2BE63E8BCB3FEF3FF41DF7686",A2,4,"reversed-male-birth-death-identity.ALL","reversed-birth-death-identity.ALL"
90000,90000,90000,70,0.3,5,50,15,15,55,20,120,"cluster-runs/results/linkage-BDI-indirect-sif-10.csv",initial,4,12,12345,synthetic-scotland,133k,A,JENSEN_SHANNON,"reversed-birth-groom-identity",true,false,true,"B2A8BBD87B078AB0FAC663682B2D4E6737BDFBCD220AEE293AD0442D65F0E038",A2,2,"reversed-male-birth-death-identity.ALL","reversed-birth-death-identity.ALL"
90000,90000,90000,70,0.1,6,50,15,15,55,20,120,"cluster-runs/results/linkage-BDI-indirect-sif-10.csv",initial,4,12,12345,synthetic-scotland,13k,A,JENSEN_SHANNON,death-bride-identity,true,false,true,"E6F10C654B7D0BC2FCAC7B2F86341A7F4698C1C8A03D27E10518A55C4FFB170F",B1,3,"reversed-female-birth-death-identity.ALL","reversed-birth-death-identity.ALL"
90000,90000,90000,70,0.5,5,50,15,15,55,20,120,"cluster-runs/results/linkage-BDI-indirect-sif-10.csv",initial,4,12,12345,synthetic-scotland,133k,A,JENSEN_SHANNON,"reversed-birth-groom-identity",true,false,true,"199227BAED6EB30511601AF162A12CA6947478D683EEB32EA802C61E44FD6096",A2,2,"reversed-male-birth-death-identity.ALL","reversed-birth-death-identity.ALL"
90000,90000,90000,70,0.1,5,50,15,15,55,20,120,"cluster-runs/results/linkage-BDI-indirect-sif-10.csv",initial,4,12,12345,synthetic-scotland,133k,A,JENSEN_SHANNON,"reversed-birth-bride-identity",true,false,true,"E791E1D5898ABAA47E3BF9D5E44B2AE5FDB4C2255FA591D409EF0C2558B9E554",B2,1,"reversed-female-birth-death-identity.ALL","reversed-birth-death-identity.ALL"
90000,90000,90000,70,0.1,6,50,15,15,55,20,120,"cluster-runs/results/linkage-BDI-indirect-sif-10.csv",initial,4,12,12345,synthetic-scotland,133k,A,JENSEN_SHANNON,death-groom-identity,true,false,true,"F1E8FE14AB3880568946FE77663325C2256D7F8F99E4EADEE535DC316E2D157A",A1,1,"reversed-male-birth-death-identity.ALL","reversed-birth-death-identity.ALL"
90000,90000,90000,70,0.5,6,50,15,15,55,20,120,"cluster-runs/results/linkage-BDI-indirect-sif-10.csv",initial,4,12,12345,synthetic-scotland,133k,A,JENSEN_SHANNON,death-groom-identity,true,false,true,"1DAAA50582F4FE55E6FBB1D0388356A4E95D0E1151CF772A99450536B96B1E33",A1,4,"reversed-male-birth-death-identity.ALL","reversed-birth-death-identity.ALL"
90000,90000,90000,70,0.5,5,50,15,15,55,20,120,"cluster-runs/results/linkage-BDI-indirect-sif-10.csv",initial,4,12,12345,synthetic-scotland,13k,A,JENSEN_SHANNON,"reversed-birth-groom-identity",true,false,true,"E6F10C654B7D0BC2FCAC7B2F86341A7F4698C1C8A03D27E10518A55C4FFB170F",A2,3,"reversed-male-birth-death-identity.ALL","reversed-birth-death-identity.ALL"
90000,90000,90000,70,0.1,6,50,15,15,55,20,120,"cluster-runs/results/linkage-BDI-indirect-sif-10.csv",initial,4,12,12345,synthetic-scotland,13k,A,JENSEN_SHANNON,death-bride-identity,true,false,true,"AB9295AFF383D0D2FB9B981FAEEC671C456DB3D570FC0671315F7CB29B3614AD",B1,3,"reversed-female-birth-death-identity.ALL","reversed-birth-death-identity.ALL"
90000,90000,90000,70,0.1,5,50,15,15,55,20,120,"cluster-runs/results/linkage-BDI-indirect-sif-10.csv",initial,4,12,12345,synthetic-scotland,133k,A,JENSEN_SHANNON,"reversed-birth-bride-identity",true,false,true,"0AED3A1368A73A9331C7BC90BB6E108BBC51AE2C93E901E13B0451558B3B0AE0",B2,2,"reversed-female-birth-death-identity.ALL","reversed-birth-death-identity.ALL"
90000,90000,90000,70,0.7,6,50,15,15,55,20,120,"cluster-runs/results/linkage-BDI-indirect-sif-10.csv",initial,4,12,12345,synthetic-scotland,133k,A,JENSEN_SHANNON,death-bride-identity,true,false,true,"FC2069841C287B3164A4F049B32309810F41D5AF96A444F73BD2E55A09EAB781",B1,3,"reversed-female-birth-death-identity.ALL","reversed-birth-death-identity.ALL"
90000,90000,90000,70,0.7,5,50,15,15,55,20,120,"cluster-runs/results/linkage-BDI-indirect-sif-10.csv",initial,4,12,12345,synthetic-scotland,13k,A,JENSEN_SHANNON,"reversed-birth-groom-identity",true,false,true,"AB9295AFF383D0D2FB9B981FAEEC671C456DB3D570FC0671315F7CB29B3614AD",A2,3,"reversed-male-birth-death-identity.ALL","reversed-birth-death-identity.ALL"
90000,90000,90000,70,0.5,5,50,15,15,55,20,120,"cluster-runs/results/linkage-BDI-indirect-sif-10.csv",initial,4,12,12345,synthetic-scotland,133k,A,JENSEN_SHANNON,"reversed-birth-groom-identity",true,false,true,"A1F6AE919FB3AD45147D220963AC3766480ECDF832DB27A3AA1562F01B69D9A5",A2,1,"reversed-male-birth-death-identity.ALL","reversed-birth-death-identity.ALL"
90000,90000,90000,70,0.3,6,50,15,15,55,20,120,"cluster-runs/results/linkage-BDI-indirect-sif-10.csv",initial,4,12,12345,synthetic-scotland,133k,A,JENSEN_SHANNON,death-groom-identity,true,false,true,"9E97F827E6536DF8AE891E1019A504BE443B728C07798F8B95F5324968D45CC1",A1,4,"reversed-male-birth-death-identity.ALL","reversed-birth-death-identity.ALL"
90000,90000,90000,70,0.1,6,50,15,15,55,20,120,"cluster-runs/results/linkage-BDI-indirect-sif-10.csv",initial,4,12,12345,synthetic-scotland,133k,A,JENSEN_SHANNON,death-groom-identity,true,false,true,"A1F6AE919FB3AD45147D220963AC3766480ECDF832DB27A3AA1562F01B69D9A5",A1,1,"reversed-male-birth-death-identity.ALL","reversed-birth-death-identity.ALL"
90000,90000,90000,70,0.3,5,50,15,15,55,20,120,"cluster-runs/results/linkage-BDI-indirect-sif-10.csv",initial,4,12,12345,synthetic-scotland,13k,A,JENSEN_SHANNON,"reversed-birth-groom-identity",true,false,true,"55E9E47AF873157DED9C70C791C4E14F5A6C070B010A50A68B4222B66840E1B8",A2,2,"reversed-male-birth-death-identity.ALL","reversed-birth-death-identity.ALL"
90000,90000,90000,70,0.7,6,50,15,15,55,20,120,"cluster-runs/results/linkage-BDI-indirect-sif-10.csv",initial,4,12,12345,synthetic-scotland,13k,A,JENSEN_SHANNON,death-groom-identity,true,false,true,"E6F10C654B7D0BC2FCAC7B2F86341A7F4698C1C8A03D27E10518A55C4FFB170F",A1,3,"reversed-male-birth-death-identity.ALL","reversed-birth-death-identity.ALL"
90000,90000,90000,70,0.7,5,50,15,15,55,20,120,"cluster-runs/results/linkage-BDI-indirect-sif-10.csv",initial,4,12,12345,synthetic-scotland,133k,A,JENSEN_SHANNON,"reversed-birth-bride-identity",true,false,true,"2BE3E12DD57EFC1CD2384903540BEF6C21C59C90C2FC3A1830683938A7433C9B",B2,2,"reversed-female-birth-death-identity.ALL","reversed-birth-death-identity.ALL"
90000,90000,90000,70,0.5,6,50,15,15,55,20,120,"cluster-runs/results/linkage-BDI-indirect-sif-10.csv",initial,4,12,12345,synthetic-scotland,13k,A,JENSEN_SHANNON,death-bride-identity,true,false,true,"59D18183EEF97B2BEDAA7041AFF6B48B3AB467F9F933E2246136AE5F32BA996E",B1,2,"reversed-female-birth-death-identity.ALL","reversed-birth-death-identity.ALL"
90000,90000,90000,70,0.1,5,50,15,15,55,20,120,"cluster-runs/results/linkage-BDI-indirect-sif-10.csv",initial,4,12,12345,synthetic-scotland,133k,A,JENSEN_SHANNON,"reversed-birth-groom-identity",true,false,true,"567CFC12FA263FA02159B50CF84A1BC28705B7CC976319207580C341CA2F4239",A2,1,"reversed-male-birth-death-identity.ALL","reversed-birth-death-identity.ALL"
90000,90000,90000,70,0.7,5,50,15,15,55,20,120,"cluster-runs/results/linkage-BDI-indirect-sif-10.csv",initial,4,12,12345,synthetic-scotland,13k,A,JENSEN_SHANNON,"reversed-birth-bride-identity",true,false,true,"AB9295AFF383D0D2FB9B981FAEEC671C456DB3D570FC0671315F7CB29B3614AD",B2,3,"reversed-female-birth-death-identity.ALL","reversed-birth-death-identity.ALL"
90000,90000,90000,70,0.7,5,50,15,15,55,20,120,"cluster-runs/results/linkage-BDI-indirect-sif-10.csv",initial,4,12,12345,synthetic-scotland,133k,A,JENSEN_SHANNON,"reversed-birth-groom-identity",true,false,true,"F1E8FE14AB3880568946FE77663325C2256D7F8F99E4EADEE535DC316E2D157A",A2,1,"reversed-male-birth-death-identity.ALL","reversed-birth-death-identity.ALL"
90000,90000,90000,70,0.3,5,50,15,15,55,20,120,"cluster-runs/results/linkage-BDI-indirect-sif-10.csv",initial,4,12,12345,synthetic-scotland,133k,A,JENSEN_SHANNON,"reversed-birth-groom-identity",true,false,true,"FC2069841C287B3164A4F049B32309810F41D5AF96A444F73BD2E55A09EAB781",A2,3,"reversed-male-birth-death-identity.ALL","reversed-birth-death-identity.ALL"
90000,90000,90000,70,0.5,6,50,15,15,55,20,120,"cluster-runs/results/linkage-BDI-indirect-sif-10.csv",initial,4,12,12345,synthetic-scotland,13k,A,JENSEN_SHANNON,death-bride-identity,true,false,true,"C4AD8F5321786B5ED86A27422FA45686BD62F15A0034B538014E9CBE3E9DBAE9",B1,2,"reversed-female-birth-death-identity.ALL","reversed-birth-death-identity.ALL"
90000,90000,90000,70,0.7,5,50,15,15,55,20,120,"cluster-runs/results/linkage-BDI-indirect-sif-10.csv",initial,4,12,12345,synthetic-scotland,133k,A,JENSEN_SHANNON,"reversed-birth-groom-identity",true,false,true,"51494911D4EA58264500E4058663FAC6CD60206DFF3420EB9CC083F84AFCBF26",A2,1,"reversed-male-birth-death-identity.ALL","reversed-birth-death-identity.ALL"
90000,90000,90000,70,0.3,6,50,15,15,55,20,120,"cluster-runs/results/linkage-BDI-indirect-sif-10.csv",initial,4,12,12345,synthetic-scotland,13k,A,JENSEN_SHANNON,death-groom-identity,true,false,true,"5B0E40E8B5EBD7E4FC37B04789AB2AEC760C1BAB674E32647CD608FEDF6E2A1D",A1,4,"reversed-male-birth-death-identity.ALL","reversed-birth-death-identity.ALL"
90000,90000,90000,70,0.5,5,50,15,15,55,20,120,"cluster-runs/results/linkage-BDI-indirect-sif-10.csv",initial,4,12,12345,synthetic-scotland,133k,A,JENSEN_SHANNON,"reversed-birth-groom-identity",true,false,true,"EDD2B733472B051BDB8B06C922C505E8CA6D1A17533C1CC40E8DED1EA2FE0A6E",A2,1,"reversed-male-birth-death-identity.ALL","reversed-birth-death-identity.ALL"
90000,90000,90000,70,0.3,5,50,15,15,55,20,120,"cluster-runs/results/linkage-BDI-indirect-sif-10.csv",initial,4,12,12345,synthetic-scotland,13k,A,JENSEN_SHANNON,"reversed-birth-groom-identity",true,false,true,"FBE8B76B6CDFEC5EE7D95FBCA0FB77E537FFF066ACAF16A091EAFA4A1B2FCC11",A2,2,"reversed-male-birth-death-identity.ALL","reversed-birth-death-identity.ALL"
90000,90000,90000,70,0.5,5,50,15,15,55,20,120,"cluster-runs/results/linkage-BDI-indirect-sif-10.csv",initial,4,12,12345,synthetic-scotland,133k,A,JENSEN_SHANNON,"reversed-birth-groom-identity",true,false,true,"11BAFCB29BF8DB2DE186B881A838F04B0DEB5F63FF0EB8B304D6AF9395A83603",A2,4,"reversed-male-birth-death-identity.ALL","reversed-birth-death-identity.ALL"
90000,90000,90000,70,0.5,6,50,15,15,55,20,120,"cluster-runs/results/linkage-BDI-indirect-sif-10.csv",initial,4,12,12345,synthetic-scotland,13k,A,JENSEN_SHANNON,death-groom-identity,true,false,true,"59D18183EEF97B2BEDAA7041AFF6B48B3AB467F9F933E2246136AE5F32BA996E",A1,2,"reversed-male-birth-death-identity.ALL","reversed-birth-death-identity.ALL"
90000,90000,90000,70,0.5,6,50,15,15,55,20,120,"cluster-runs/results/linkage-BDI-indirect-sif-10.csv",initial,4,12,12345,synthetic-scotland,133k,A,JENSEN_SHANNON,death-bride-identity,true,false,true,"0AED3A1368A73A9331C7BC90BB6E108BBC51AE2C93E901E13B0451558B3B0AE0",B1,2,"reversed-female-birth-death-identity.ALL","reversed-birth-death-identity.ALL"
90000,90000,90000,70,0.5,6,50,15,15,55,20,120,"cluster-runs/results/linkage-BDI-indirect-sif-10.csv",initial,4,12,12345,synthetic-scotland,133k,A,JENSEN_SHANNON,death-groom-identity,true,false,true,"0843F48D8AEC38847221156071F098953ACEA8219F390591A6E68ACA1362F847",A1,2,"reversed-male-birth-death-identity.ALL","reversed-birth-death-identity.ALL"
90000,90000,90000,70,0.3,6,50,15,15,55,20,120,"cluster-runs/results/linkage-BDI-indirect-sif-10.csv",initial,4,12,12345,synthetic-scotland,13k,A,JENSEN_SHANNON,death-groom-identity,true,false,true,"672C4D975DFD16C3FF5C3F88AB35F54D7473244C19F4519EA29E24B1CD0139AD",A1,3,"reversed-male-birth-death-identity.ALL","reversed-birth-death-identity.ALL"
90000,90000,90000,70,0.7,5,50,15,15,55,20,120,"cluster-runs/results/linkage-BDI-indirect-sif-10.csv",initial,4,12,12345,synthetic-scotland,133k,A,JENSEN_SHANNON,"reversed-birth-bride-identity",true,false,true,"567CFC12FA263FA02159B50CF84A1BC28705B7CC976319207580C341CA2F4239",B2,1,"reversed-female-birth-death-identity.ALL","reversed-birth-death-identity.ALL"
90000,90000,90000,70,0.5,5,50,15,15,55,20,120,"cluster-runs/results/linkage-BDI-indirect-sif-10.csv",initial,4,12,12345,synthetic-scotland,133k,A,JENSEN_SHANNON,"reversed-birth-bride-identity",true,false,true,"199227BAED6EB30511601AF162A12CA6947478D683EEB32EA802C61E44FD6096",B2,2,"reversed-female-birth-death-identity.ALL","reversed-birth-death-identity.ALL"
90000,90000,90000,70,0.5,6,50,15,15,55,20,120,"cluster-runs/results/linkage-BDI-indirect-sif-10.csv",initial,4,12,12345,synthetic-scotland,13k,A,JENSEN_SHANNON,death-groom-identity,true,false,true,"2E91047FDAB2538A3610F6C51866EEEF29C3D24CE5429C1D07F5AE955F9145B3",A1,3,"reversed-male-birth-death-identity.ALL","reversed-birth-death-identity.ALL"
90000,90000,90000,70,0.7,5,50,15,15,55,20,120,"cluster-runs/results/linkage-BDI-indirect-sif-10.csv",initial,4,12,12345,synthetic-scotland,133k,A,JENSEN_SHANNON,"reversed-birth-bride-identity",true,false,true,"0843F48D8AEC38847221156071F098953ACEA8219F390591A6E68ACA1362F847",B2,2,"reversed-female-birth-death-identity.ALL","reversed-birth-death-identity.ALL"
90000,90000,90000,70,0.5,5,50,15,15,55,20,120,"cluster-runs/results/linkage-BDI-indirect-sif-10.csv",initial,4,12,12345,synthetic-scotland,133k,A,JENSEN_SHANNON,"reversed-birth-groom-identity",true,false,true,"FC634D345C5AE55EFEB0DF3E0B6B5D54582DC42365444D0D72273BD51436E211",A2,3,"reversed-male-birth-death-identity.ALL","reversed-birth-death-identity.ALL"
90000,90000,90000,70,0.3,6,50,15,15,55,20,120,"cluster-runs/results/linkage-BDI-indirect-sif-10.csv",initial,4,12,12345,synthetic-scotland,133k,A,JENSEN_SHANNON,death-bride-identity,true,false,true,"FC634D345C5AE55EFEB0DF3E0B6B5D54582DC42365444D0D72273BD51436E211",B1,3,"reversed-female-birth-death-identity.ALL","reversed-birth-death-identity.ALL"
90000,90000,90000,70,0.7,5,50,15,15,55,20,120,"cluster-runs/results/linkage-BDI-indirect-sif-10.csv",initial,4,12,12345,synthetic-scotland,133k,A,JENSEN_SHANNON,"reversed-birth-groom-identity",true,false,true,"F7931DED36D9BB3E38218784E020613DA2CF08BB051A7CC6D26F86A92E701808",A2,1,"reversed-male-birth-death-identity.ALL","reversed-birth-death-identity.ALL"
90000,90000,90000,70,0.1,6,50,15,15,55,20,120,"cluster-runs/results/linkage-BDI-indirect-sif-10.csv",initial,4,12,12345,synthetic-scotland,133k,A,JENSEN_SHANNON,death-bride-identity,true,false,true,"627ADE7E5A397C64A424513172E994C82AE1E902E5F87B742A8F425C9DAF478C",B1,1,"reversed-female-birth-death-identity.ALL","reversed-birth-death-identity.ALL"
90000,90000,90000,70,0.7,6,50,15,15,55,20,120,"cluster-runs/results/linkage-BDI-indirect-sif-10.csv",initial,4,12,12345,synthetic-scotland,13k,A,JENSEN_SHANNON,death-groom-identity,true,false,true,"BCA64D3BC59C2FF77246AB7FCBE0AD88A5061DAE50D19950ED3B798ACB50DB3A",A1,2,"reversed-male-birth-death-identity.ALL","reversed-birth-death-identity.ALL"
90000,90000,90000,70,0.3,5,50,15,15,55,20,120,"cluster-runs/results/linkage-BDI-indirect-sif-10.csv",initial,4,12,12345,synthetic-scotland,133k,A,JENSEN_SHANNON,"reversed-birth-groom-identity",true,false,true,"0AED3A1368A73A9331C7BC90BB6E108BBC51AE2C93E901E13B0451558B3B0AE0",A2,2,"reversed-male-birth-death-identity.ALL","reversed-birth-death-identity.ALL"
90000,90000,90000,70,0.1,6,50,15,15,55,20,120,"cluster-runs/results/linkage-BDI-indirect-sif-10.csv",initial,4,12,12345,synthetic-scotland,133k,A,JENSEN_SHANNON,death-groom-identity,true,false,true,"07F40100D3169D06EE3AC7F96371ED540089F92D92A781D4C5AE673F7BDB5D13",A1,2,"reversed-male-birth-death-identity.ALL","reversed-birth-death-identity.ALL"
90000,90000,90000,70,0.3,6,50,15,15,55,20,120,"cluster-runs/results/linkage-BDI-indirect-sif-10.csv",initial,4,12,12345,synthetic-scotland,133k,A,JENSEN_SHANNON,death-bride-identity,true,false,true,"EDD2B733472B051BDB8B06C922C505E8CA6D1A17533C1CC40E8DED1EA2FE0A6E",B1,1,"reversed-female-birth-death-identity.ALL","reversed-birth-death-identity.ALL"
90000,90000,90000,70,0.1,6,50,15,15,55,20,120,"cluster-runs/results/linkage-BDI-indirect-sif-10.csv",initial,4,12,12345,synthetic-scotland,133k,A,JENSEN_SHANNON,death-groom-identity,true,false,true,"65263BE758BDB54A0BAA3E51E6934B32DE1D79045DA20DB879ED33A893586639",A1,1,"reversed-male-birth-death-identity.ALL","reversed-birth-death-identity.ALL"
90000,90000,90000,70,0.7,6,50,15,15,55,20,120,"cluster-runs/results/linkage-BDI-indirect-sif-10.csv",initial,4,12,12345,synthetic-scotland,13k,A,JENSEN_SHANNON,death-groom-identity,true,false,true,"17D9E376611A5A13161B0D913D3F089380D7587298EBE8D89336D5B58A0BB38B",A1,3,"reversed-male-birth-death-identity.ALL","reversed-birth-death-identity.ALL"
90000,90000,90000,70,0.3,6,50,15,15,55,20,120,"cluster-runs/results/linkage-BDI-indirect-sif-10.csv",initial,4,12,12345,synthetic-scotland,13k,A,JENSEN_SHANNON,death-bride-identity,true,false,true,"146B2FF26AD6B4A655DA37F711C55068CAEDA3AA641FEAC441716993F80255B2",B1,4,"reversed-female-birth-death-identity.ALL","reversed-birth-death-identity.ALL"
90000,90000,90000,70,0.5,5,50,15,15,55,20,120,"cluster-runs/results/linkage-BDI-indirect-sif-10.csv",initial,4,12,12345,synthetic-scotland,133k,A,JENSEN_SHANNON,"reversed-birth-bride-identity",true,false,true,"EB38F51A3F4C1E050BA29B33C4B4D8E3B0E5EEFBB5682B3B82F091BFB496138E",B2,4,"reversed-female-birth-death-identity.ALL","reversed-birth-death-identity.ALL"
90000,90000,90000,70,0.1,6,50,15,15,55,20,120,"cluster-runs/results/linkage-BDI-indirect-sif-10.csv",initial,4,12,12345,synthetic-scotland,133k,A,JENSEN_SHANNON,death-groom-identity,true,false,true,"B2A8BBD87B078AB0FAC663682B2D4E6737BDFBCD220AEE293AD0442D65F0E038",A1,2,"reversed-male-birth-death-identity.ALL","reversed-birth-death-identity.ALL"
90000,90000,90000,70,0.5,5,50,15,15,55,20,120,"cluster-runs/results/linkage-BDI-indirect-sif-10.csv",initial,4,12,12345,synthetic-scotland,133k,A,JENSEN_SHANNON,"reversed-birth-bride-identity",true,false,true,"07F40100D3169D06EE3AC7F96371ED540089F92D92A781D4C5AE673F7BDB5D13",B2,2,"reversed-female-birth-death-identity.ALL","reversed-birth-death-identity.ALL"
90000,90000,90000,70,0.5,6,50,15,15,55,20,120,"cluster-runs/results/linkage-BDI-indirect-sif-10.csv",initial,4,12,12345,synthetic-scotland,133k,A,JENSEN_SHANNON,death-bride-identity,true,false,true,"E791E1D5898ABAA47E3BF9D5E44B2AE5FDB4C2255FA591D409EF0C2558B9E554",B1,1,"reversed-female-birth-death-identity.ALL","reversed-birth-death-identity.ALL"
90000,90000,90000,70,0.7,5,50,15,15,55,20,120,"cluster-runs/results/linkage-BDI-indirect-sif-10.csv",initial,4,12,12345,synthetic-scotland,13k,A,JENSEN_SHANNON,"reversed-birth-bride-identity",true,false,true,"2E91047FDAB2538A3610F6C51866EEEF29C3D24CE5429C1D07F5AE955F9145B3",B2,3,"reversed-female-birth-death-identity.ALL","reversed-birth-death-identity.ALL"
90000,90000,90000,70,0.5,6,50,15,15,55,20,120,"cluster-runs/results/linkage-BDI-indirect-sif-10.csv",initial,4,12,12345,synthetic-scotland,133k,A,JENSEN_SHANNON,death-bride-identity,true,false,true,"07F40100D3169D06EE3AC7F96371ED540089F92D92A781D4C5AE673F7BDB5D13",B1,2,"reversed-female-birth-death-identity.ALL","reversed-birth-death-identity.ALL"
90000,90000,90000,70,0.1,5,50,15,15,55,20,120,"cluster-runs/results/linkage-BDI-indirect-sif-10.csv",initial,4,12,12345,synthetic-scotland,13k,A,JENSEN_SHANNON,"reversed-birth-bride-identity",true,false,true,"0EB6EDF210215EA7F423E0E5BB9B734D2A5333B5CFD243850B9DFB06F49BAAEB",B2,1,"reversed-female-birth-death-identity.ALL","reversed-birth-death-identity.ALL"
90000,90000,90000,70,0.5,5,50,15,15,55,20,120,"cluster-runs/results/linkage-BDI-indirect-sif-10.csv",initial,4,12,12345,synthetic-scotland,133k,A,JENSEN_SHANNON,"reversed-birth-bride-identity",true,false,true,"F1E8FE14AB3880568946FE77663325C2256D7F8F99E4EADEE535DC316E2D157A",B2,1,"reversed-female-birth-death-identity.ALL","reversed-birth-death-identity.ALL"
90000,90000,90000,70,0.7,6,50,15,15,55,20,120,"cluster-runs/results/linkage-BDI-indirect-sif-10.csv",initial,4,12,12345,synthetic-scotland,13k,A,JENSEN_SHANNON,death-bride-identity,true,false,true,"2E91047FDAB2538A3610F6C51866EEEF29C3D24CE5429C1D07F5AE955F9145B3",B1,3,"reversed-female-birth-death-identity.ALL","reversed-birth-death-identity.ALL"
90000,90000,90000,70,0.1,6,50,15,15,55,20,120,"cluster-runs/results/linkage-BDI-indirect-sif-10.csv",initial,4,12,12345,synthetic-scotland,133k,A,JENSEN_SHANNON,death-groom-identity,true,false,true,"2BE3E12DD57EFC1CD2384903540BEF6C21C59C90C2FC3A1830683938A7433C9B",A1,2,"reversed-male-birth-death-identity.ALL","reversed-birth-death-identity.ALL"
90000,90000,90000,70,0.1,6,50,15,15,55,20,120,"cluster-runs/results/linkage-BDI-indirect-sif-10.csv",initial,4,12,12345,synthetic-scotland,133k,A,JENSEN_SHANNON,death-bride-identity,true,false,true,"11BAFCB29BF8DB2DE186B881A838F04B0DEB5F63FF0EB8B304D6AF9395A83603",B1,4,"reversed-female-birth-death-identity.ALL","reversed-birth-death-identity.ALL"
90000,90000,90000,70,0.3,5,50,15,15,55,20,120,"cluster-runs/results/linkage-BDI-indirect-sif-10.csv",initial,4,12,12345,synthetic-scotland,133k,A,JENSEN_SHANNON,"reversed-birth-bride-identity",true,false,true,"9E97F827E6536DF8AE891E1019A504BE443B728C07798F8B95F5324968D45CC1",B2,4,"reversed-female-birth-death-identity.ALL","reversed-birth-death-identity.ALL"
90000,90000,90000,70,0.7,5,50,15,15,55,20,120,"cluster-runs/results/linkage-BDI-indirect-sif-10.csv",initial,4,12,12345,synthetic-scotland,13k,A,JENSEN_SHANNON,"reversed-birth-bride-identity",true,false,true,"17D9E376611A5A13161B0D913D3F089380D7587298EBE8D89336D5B58A0BB38B",B2,3,"reversed-female-birth-death-identity.ALL","reversed-birth-death-identity.ALL"
90000,90000,90000,70,0.7,6,50,15,15,55,20,120,"cluster-runs/results/linkage-BDI-indirect-sif-10.csv",initial,4,12,12345,synthetic-scotland,13k,A,JENSEN_SHANNON,death-bride-identity,true,false,true,"17D9E376611A5A13161B0D913D3F089380D7587298EBE8D89336D5B58A0BB38B",B1,3,"reversed-female-birth-death-identity.ALL","reversed-birth-death-identity.ALL"
90000,90000,90000,70,0.5,6,50,15,15,55,20,120,"cluster-runs/results/linkage-BDI-indirect-sif-10.csv",initial,4,12,12345,synthetic-scotland,13k,A,JENSEN_SHANNON,death-bride-identity,true,false,true,"0EB6EDF210215EA7F423E0E5BB9B734D2A5333B5CFD243850B9DFB06F49BAAEB",B1,1,"reversed-female-birth-death-identity.ALL","reversed-birth-death-identity.ALL"
90000,90000,90000,70,0.1,6,50,15,15,55,20,120,"cluster-runs/results/linkage-BDI-indirect-sif-10.csv",initial,4,12,12345,synthetic-scotland,13k,A,JENSEN_SHANNON,death-bride-identity,true,false,true,"8356668204B7E42CCA655E1D36163B8073CB73E53CA3FFA9972369567CDD72E6",B1,1,"reversed-female-birth-death-identity.ALL","reversed-birth-death-identity.ALL"
90000,90000,90000,70,0.1,5,50,15,15,55,20,120,"cluster-runs/results/linkage-BDI-indirect-sif-10.csv",initial,4,12,12345,synthetic-scotland,133k,A,JENSEN_SHANNON,"reversed-birth-bride-identity",true,false,true,"FC2069841C287B3164A4F049B32309810F41D5AF96A444F73BD2E55A09EAB781",B2,3,"reversed-female-birth-death-identity.ALL","reversed-birth-death-identity.ALL"
90000,90000,90000,70,0.1,6,50,15,15,55,20,120,"cluster-runs/results/linkage-BDI-indirect-sif-10.csv",initial,4,12,12345,synthetic-scotland,13k,A,JENSEN_SHANNON,death-groom-identity,true,false,true,"2B83A91D3CF460E8E318E15C503F1F309C3265652A4440E6046AD7B8BDE56B70",A1,2,"reversed-male-birth-death-identity.ALL","reversed-birth-death-identity.ALL"
90000,90000,90000,70,0.1,5,50,15,15,55,20,120,"cluster-runs/results/linkage-BDI-indirect-sif-10.csv",initial,4,12,12345,synthetic-scotland,13k,A,JENSEN_SHANNON,"reversed-birth-groom-identity",true,false,true,"2B83A91D3CF460E8E318E15C503F1F309C3265652A4440E6046AD7B8BDE56B70",A2,2,"reversed-male-birth-death-identity.ALL","reversed-birth-death-identity.ALL"
90000,90000,90000,70,0.1,5,50,15,15,55,20,120,"cluster-runs/results/linkage-BDI-indirect-sif-10.csv",initial,4,12,12345,synthetic-scotland,13k,A,JENSEN_SHANNON,"reversed-birth-groom-identity",true,false,true,"146B2FF26AD6B4A655DA37F711C55068CAEDA3AA641FEAC441716993F80255B2",A2,4,"reversed-male-birth-death-identity.ALL","reversed-birth-death-identity.ALL"
90000,90000,90000,70,0.1,5,50,15,15,55,20,120,"cluster-runs/results/linkage-BDI-indirect-sif-10.csv",initial,4,12,12345,synthetic-scotland,13k,A,JENSEN_SHANNON,"reversed-birth-groom-identity",true,false,true,"F50741849D55BFEB826E72A04DDD9D11161762721F620E96E674AEFA2248856D",A2,1,"reversed-male-birth-death-identity.ALL","reversed-birth-death-identity.ALL"
90000,90000,90000,70,0.3,5,50,15,15,55,20,120,"cluster-runs/results/linkage-BDI-indirect-sif-10.csv",initial,4,12,12345,synthetic-scotland,133k,A,JENSEN_SHANNON,"reversed-birth-groom-identity",true,false,true,"6ADF2D9FE3A9549BE5968196703245976E5771989B7EE732575288CBA609B35D",A2,3,"reversed-male-birth-death-identity.ALL","reversed-birth-death-identity.ALL"
90000,90000,90000,70,0.3,6,50,15,15,55,20,120,"cluster-runs/results/linkage-BDI-indirect-sif-10.csv",initial,4,12,12345,synthetic-scotland,133k,A,JENSEN_SHANNON,death-bride-identity,true,false,true,"567CFC12FA263FA02159B50CF84A1BC28705B7CC976319207580C341CA2F4239",B1,1,"reversed-female-birth-death-identity.ALL","reversed-birth-death-identity.ALL"
90000,90000,90000,70,0.3,5,50,15,15,55,20,120,"cluster-runs/results/linkage-BDI-indirect-sif-10.csv",initial,4,12,12345,synthetic-scotland,133k,A,JENSEN_SHANNON,"reversed-birth-groom-identity",true,false,true,"0843F48D8AEC38847221156071F098953ACEA8219F390591A6E68ACA1362F847",A2,2,"reversed-male-birth-death-identity.ALL","reversed-birth-death-identity.ALL"
90000,90000,90000,70,0.3,6,50,15,15,55,20,120,"cluster-runs/results/linkage-BDI-indirect-sif-10.csv",initial,4,12,12345,synthetic-scotland,133k,A,JENSEN_SHANNON,death-groom-identity,true,false,true,"11BAFCB29BF8DB2DE186B881A838F04B0DEB5F63FF0EB8B304D6AF9395A83603",A1,4,"reversed-male-birth-death-identity.ALL","reversed-birth-death-identity.ALL"
90000,90000,90000,70,0.5,5,50,15,15,55,20,120,"cluster-runs/results/linkage-BDI-indirect-sif-10.csv",initial,4,12,12345,synthetic-scotland,13k,A,JENSEN_SHANNON,"reversed-birth-groom-identity",true,false,true,"17D9E376611A5A13161B0D913D3F089380D7587298EBE8D89336D5B58A0BB38B",A2,3,"reversed-male-birth-death-identity.ALL","reversed-birth-death-identity.ALL"
90000,90000,90000,70,0.7,5,50,15,15,55,20,120,"cluster-runs/results/linkage-BDI-indirect-sif-10.csv",initial,4,12,12345,synthetic-scotland,13k,A,JENSEN_SHANNON,"reversed-birth-groom-identity",true,false,true,"0EB6EDF210215EA7F423E0E5BB9B734D2A5333B5CFD243850B9DFB06F49BAAEB",A2,1,"reversed-male-birth-death-identity.ALL","reversed-birth-death-identity.ALL"
90000,90000,90000,70,0.5,6,50,15,15,55,20,120,"cluster-runs/results/linkage-BDI-indirect-sif-10.csv",initial,4,12,12345,synthetic-scotland,133k,A,JENSEN_SHANNON,death-groom-identity,true,false,true,"51494911D4EA58264500E4058663FAC6CD60206DFF3420EB9CC083F84AFCBF26",A1,1,"reversed-male-birth-death-identity.ALL","reversed-birth-death-identity.ALL"
90000,90000,90000,70,0.3,6,50,15,15,55,20,120,"cluster-runs/results/linkage-BDI-indirect-sif-10.csv",initial,4,12,12345,synthetic-scotland,13k,A,JENSEN_SHANNON,death-groom-identity,true,false,true,"8356668204B7E42CCA655E1D36163B8073CB73E53CA3FFA9972369567CDD72E6",A1,1,"reversed-male-birth-death-identity.ALL","reversed-birth-death-identity.ALL"
90000,90000,90000,70,0.7,6,50,15,15,55,20,120,"cluster-runs/results/linkage-BDI-indirect-sif-10.csv",initial,4,12,12345,synthetic-scotland,133k,A,JENSEN_SHANNON,death-groom-identity,true,false,true,"EDD2B733472B051BDB8B06C922C505E8CA6D1A17533C1CC40E8DED1EA2FE0A6E",A1,1,"reversed-male-birth-death-identity.ALL","reversed-birth-death-identity.ALL"
90000,90000,90000,70,0.5,6,50,15,15,55,20,120,"cluster-runs/results/linkage-BDI-indirect-sif-10.csv",initial,4,12,12345,synthetic-scotland,13k,A,JENSEN_SHANNON,death-bride-identity,true,false,true,"BCA64D3BC59C2FF77246AB7FCBE0AD88A5061DAE50D19950ED3B798ACB50DB3A",B1,2,"reversed-female-birth-death-identity.ALL","reversed-birth-death-identity.ALL"
90000,90000,90000,70,0.3,5,50,15,15,55,20,120,"cluster-runs/results/linkage-BDI-indirect-sif-10.csv",initial,4,12,12345,synthetic-scotland,13k,A,JENSEN_SHANNON,"reversed-birth-groom-identity",true,false,true,"59D18183EEF97B2BEDAA7041AFF6B48B3AB467F9F933E2246136AE5F32BA996E",A2,2,"reversed-male-birth-death-identity.ALL","reversed-birth-death-identity.ALL"
90000,90000,90000,70,0.5,6,50,15,15,55,20,120,"cluster-runs/results/linkage-BDI-indirect-sif-10.csv",initial,4,12,12345,synthetic-scotland,133k,A,JENSEN_SHANNON,death-bride-identity,true,false,true,"C162047F285D6A607AD033917DCE12C7D67EFEAE40FE836DEE51C963F4CEEB13",B1,1,"reversed-female-birth-death-identity.ALL","reversed-birth-death-identity.ALL"
90000,90000,90000,70,0.1,6,50,15,15,55,20,120,"cluster-runs/results/linkage-BDI-indirect-sif-10.csv",initial,4,12,12345,synthetic-scotland,133k,A,JENSEN_SHANNON,death-groom-identity,true,false,true,"0AED3A1368A73A9331C7BC90BB6E108BBC51AE2C93E901E13B0451558B3B0AE0",A1,2,"reversed-male-birth-death-identity.ALL","reversed-birth-death-identity.ALL"
90000,90000,90000,70,0.7,6,50,15,15,55,20,120,"cluster-runs/results/linkage-BDI-indirect-sif-10.csv",initial,4,12,12345,synthetic-scotland,133k,A,JENSEN_SHANNON,death-groom-identity,true,false,true,"F7931DED36D9BB3E38218784E020613DA2CF08BB051A7CC6D26F86A92E701808",A1,1,"reversed-male-birth-death-identity.ALL","reversed-birth-death-identity.ALL"
90000,90000,90000,70,0.1,5,50,15,15,55,20,120,"cluster-runs/results/linkage-BDI-indirect-sif-10.csv",initial,4,12,12345,synthetic-scotland,133k,A,JENSEN_SHANNON,"reversed-birth-bride-identity",true,false,true,"627ADE7E5A397C64A424513172E994C82AE1E902E5F87B742A8F425C9DAF478C",B2,1,"reversed-female-birth-death-identity.ALL","reversed-birth-death-identity.ALL"
90000,90000,90000,70,0.3,6,50,15,15,55,20,120,"cluster-runs/results/linkage-BDI-indirect-sif-10.csv",initial,4,12,12345,synthetic-scotland,133k,A,JENSEN_SHANNON,death-groom-identity,true,false,true,"E791E1D5898ABAA47E3BF9D5E44B2AE5FDB4C2255FA591D409EF0C2558B9E554",A1,1,"reversed-male-birth-death-identity.ALL","reversed-birth-death-identity.ALL"
90000,90000,90000,70,0.7,5,50,15,15,55,20,120,"cluster-runs/results/linkage-BDI-indirect-sif-10.csv",initial,4,12,12345,synthetic-scotland,133k,A,JENSEN_SHANNON,"reversed-birth-groom-identity",true,false,true,"2BE3E12DD57EFC1CD2384903540BEF6C21C59C90C2FC3A1830683938A7433C9B",A2,2,"reversed-male-birth-death-identity.ALL","reversed-birth-death-identity.ALL"
90000,90000,90000,70,0.7,6,50,15,15,55,20,120,"cluster-runs/results/linkage-BDI-indirect-sif-10.csv",initial,4,12,12345,synthetic-scotland,13k,A,JENSEN_SHANNON,death-bride-identity,true,false,true,"2B83A91D3CF460E8E318E15C503F1F309C3265652A4440E6046AD7B8BDE56B70",B1,2,"reversed-female-birth-death-identity.ALL","reversed-birth-death-identity.ALL"
90000,90000,90000,70,0.5,5,50,15,15,55,20,120,"cluster-runs/results/linkage-BDI-indirect-sif-10.csv",initial,4,12,12345,synthetic-scotland,13k,A,JENSEN_SHANNON,"reversed-birth-bride-identity",true,false,true,"FBE8B76B6CDFEC5EE7D95FBCA0FB77E537FFF066ACAF16A091EAFA4A1B2FCC11",B2,2,"reversed-female-birth-death-identity.ALL","reversed-birth-death-identity.ALL"
90000,90000,90000,70,0.5,5,50,15,15,55,20,120,"cluster-runs/results/linkage-BDI-indirect-sif-10.csv",initial,4,12,12345,synthetic-scotland,133k,A,JENSEN_SHANNON,"reversed-birth-bride-identity",true,false,true,"FC634D345C5AE55EFEB0DF3E0B6B5D54582DC42365444D0D72273BD51436E211",B2,3,"reversed-female-birth-death-identity.ALL","reversed-birth-death-identity.ALL"
90000,90000,90000,70,0.1,5,50,15,15,55,20,120,"cluster-runs/results/linkage-BDI-indirect-sif-10.csv",initial,4,12,12345,synthetic-scotland,13k,A,JENSEN_SHANNON,"reversed-birth-bride-identity",true,false,true,"146B2FF26AD6B4A655DA37F711C55068CAEDA3AA641FEAC441716993F80255B2",B2,4,"reversed-female-birth-death-identity.ALL","reversed-birth-death-identity.ALL"
90000,90000,90000,70,0.7,5,50,15,15,55,20,120,"cluster-runs/results/linkage-BDI-indirect-sif-10.csv",initial,4,12,12345,synthetic-scotland,13k,A,JENSEN_SHANNON,"reversed-birth-groom-identity",true,false,true,"BCA64D3BC59C2FF77246AB7FCBE0AD88A5061DAE50D19950ED3B798ACB50DB3A",A2,2,"reversed-male-birth-death-identity.ALL","reversed-birth-death-identity.ALL"
90000,90000,90000,70,0.1,6,50,15,15,55,20,120,"cluster-runs/results/linkage-BDI-indirect-sif-10.csv",initial,4,12,12345,synthetic-scotland,133k,A,JENSEN_SHANNON,death-bride-identity,true,false,true,"2BE3E12DD57EFC1CD2384903540BEF6C21C59C90C2FC3A1830683938A7433C9B",B1,2,"reversed-female-birth-death-identity.ALL","reversed-birth-death-identity.ALL"
90000,90000,90000,70,0.5,5,50,15,15,55,20,120,"cluster-runs/results/linkage-BDI-indirect-sif-10.csv",initial,4,12,12345,synthetic-scotland,133k,A,JENSEN_SHANNON,"reversed-birth-groom-identity",true,false,true,"C162047F285D6A607AD033917DCE12C7D67EFEAE40FE836DEE51C963F4CEEB13",A2,1,"reversed-male-birth-death-identity.ALL","reversed-birth-death-identity.ALL"
90000,90000,90000,70,0.1,5,50,15,15,55,20,120,"cluster-runs/results/linkage-BDI-indirect-sif-10.csv",initial,4,12,12345,synthetic-scotland,133k,A,JENSEN_SHANNON,"reversed-birth-groom-identity",true,false,true,"07F40100D3169D06EE3AC7F96371ED540089F92D92A781D4C5AE673F7BDB5D13",A2,2,"reversed-male-birth-death-identity.ALL","reversed-birth-death-identity.ALL"
90000,90000,90000,70,0.5,5,50,15,15,55,20,120,"cluster-runs/results/linkage-BDI-indirect-sif-10.csv",initial,4,12,12345,synthetic-scotland,133k,A,JENSEN_SHANNON,"reversed-birth-groom-identity",true,false,true,"948FD6187057FA7B8AC8C999B287E41D5B0A1C294E225BA184BA25BB347925FE",A2,2,"reversed-male-birth-death-identity.ALL","reversed-birth-death-identity.ALL"
90000,90000,90000,70,0.3,6,50,15,15,55,20,120,"cluster-runs/results/linkage-BDI-indirect-sif-10.csv",initial,4,12,12345,synthetic-scotland,133k,A,JENSEN_SHANNON,death-bride-identity,true,false,true,"948FD6187057FA7B8AC8C999B287E41D5B0A1C294E225BA184BA25BB347925FE",B1,2,"reversed-female-birth-death-identity.ALL","reversed-birth-death-identity.ALL"
90000,90000,90000,70,0.1,5,50,15,15,55,20,120,"cluster-runs/results/linkage-BDI-indirect-sif-10.csv",initial,4,12,12345,synthetic-scotland,13k,A,JENSEN_SHANNON,"reversed-birth-groom-identity",true,false,true,"2E91047FDAB2538A3610F6C51866EEEF29C3D24CE5429C1D07F5AE955F9145B3",A2,3,"reversed-male-birth-death-identity.ALL","reversed-birth-death-identity.ALL"
90000,90000,90000,70,0.5,5,50,15,15,55,20,120,"cluster-runs/results/linkage-BDI-indirect-sif-10.csv",initial,4,12,12345,synthetic-scotland,13k,A,JENSEN_SHANNON,"reversed-birth-bride-identity",true,false,true,"F50741849D55BFEB826E72A04DDD9D11161762721F620E96E674AEFA2248856D",B2,1,"reversed-female-birth-death-identity.ALL","reversed-birth-death-identity.ALL"
90000,90000,90000,70,0.7,5,50,15,15,55,20,120,"cluster-runs/results/linkage-BDI-indirect-sif-10.csv",initial,4,12,12345,synthetic-scotland,133k,A,JENSEN_SHANNON,"reversed-birth-bride-identity",true,false,true,"6ADF2D9FE3A9549BE5968196703245976E5771989B7EE732575288CBA609B35D",B2,3,"reversed-female-birth-death-identity.ALL","reversed-birth-death-identity.ALL"
90000,90000,90000,70,0.3,6,50,15,15,55,20,120,"cluster-runs/results/linkage-BDI-indirect-sif-10.csv",initial,4,12,12345,synthetic-scotland,133k,A,JENSEN_SHANNON,death-bride-identity,true,false,true,"0843F48D8AEC38847221156071F098953ACEA8219F390591A6E68ACA1362F847",B1,2,"reversed-female-birth-death-identity.ALL","reversed-birth-death-identity.ALL"
90000,90000,90000,70,0.1,5,50,15,15,55,20,120,"cluster-runs/results/linkage-BDI-indirect-sif-10.csv",initial,4,12,12345,synthetic-scotland,133k,A,JENSEN_SHANNON,"reversed-birth-bride-identity",true,false,true,"1DAAA50582F4FE55E6FBB1D0388356A4E95D0E1151CF772A99450536B96B1E33",B2,4,"reversed-female-birth-death-identity.ALL","reversed-birth-death-identity.ALL"
