population,size,pop#,corruption#,linkageRecipe-approach,threshold,metric,max-sibling-gap,tp,fp,fn,precision,recall,f-measure,link-time-seconds,max-memory-usage,#ROs,code-version,hostname,linkageRecipe-fields
synthetic-scotland,13k,1,1,sibling-birth-bundler,0.67,JENSEN_SHANNON,25,18736,35,2175,0.9981,0.8960,0.9443,48,92443176,70,799f9bfcecdce053d602d8a790afee31b42d65d9,sif-7.cluster,"FATHER_FORENAME, FATHER_SURNAME, MOTHER_FORENAME, MOTHER_MAIDEN_SURNAME, PARENTS_PLACE_OF_MARRIAGE, PARENTS_DAY_OF_MARRIAGE, PARENTS_MONTH_OF_MARRIAGE, PARENTS_YEAR_OF_MARRIAGE"
synthetic-scotland,13k,2,0,sibling-birth-bundler,0.67,JENSEN_SHANNON,25,19464,49,31,0.9975,0.9984,0.9979,44,1496436816,70,799f9bfcecdce053d602d8a790afee31b42d65d9,sif-3.cluster,"FATHER_FORENAME, FATHER_SURNAME, MOTHER_FORENAME, MOTHER_MAIDEN_SURNAME, PARENTS_PLACE_OF_MARRIAGE, PARENTS_DAY_OF_MARRIAGE, PARENTS_MONTH_OF_MARRIAGE, PARENTS_YEAR_OF_MARRIAGE"
synthetic-scotland,13k,1,2,sibling-birth-bundler,0.67,JENSEN_SHANNON,25,16818,34,4093,0.9980,0.8043,0.8907,47,947557104,70,799f9bfcecdce053d602d8a790afee31b42d65d9,sif-2.cluster,"FATHER_FORENAME, FATHER_SURNAME, MOTHER_FORENAME, MOTHER_MAIDEN_SURNAME, PARENTS_PLACE_OF_MARRIAGE, PARENTS_DAY_OF_MARRIAGE, PARENTS_MONTH_OF_MARRIAGE, PARENTS_YEAR_OF_MARRIAGE"
synthetic-scotland,13k,3,0,sibling-birth-bundler,0.67,JENSEN_SHANNON,25,20085,76,37,0.9962,0.9982,0.9972,48,1414171840,70,799f9bfcecdce053d602d8a790afee31b42d65d9,sif-6.cluster,"FATHER_FORENAME, FATHER_SURNAME, MOTHER_FORENAME, MOTHER_MAIDEN_SURNAME, PARENTS_PLACE_OF_MARRIAGE, PARENTS_DAY_OF_MARRIAGE, PARENTS_MONTH_OF_MARRIAGE, PARENTS_YEAR_OF_MARRIAGE"
synthetic-scotland,13k,3,1,sibling-birth-bundler,0.67,JENSEN_SHANNON,25,17962,64,2160,0.9964,0.8927,0.9417,42,294140320,70,799f9bfcecdce053d602d8a790afee31b42d65d9,sif-7.cluster,"FATHER_FORENAME, FATHER_SURNAME, MOTHER_FORENAME, MOTHER_MAIDEN_SURNAME, PARENTS_PLACE_OF_MARRIAGE, PARENTS_DAY_OF_MARRIAGE, PARENTS_MONTH_OF_MARRIAGE, PARENTS_YEAR_OF_MARRIAGE"
synthetic-scotland,13k,1,0,sibling-birth-bundler,0.67,JENSEN_SHANNON,25,20862,47,49,0.9978,0.9977,0.9977,102,232470120,70,799f9bfcecdce053d602d8a790afee31b42d65d9,sif-5.cluster,"FATHER_FORENAME, FATHER_SURNAME, MOTHER_FORENAME, MOTHER_MAIDEN_SURNAME, PARENTS_PLACE_OF_MARRIAGE, PARENTS_DAY_OF_MARRIAGE, PARENTS_MONTH_OF_MARRIAGE, PARENTS_YEAR_OF_MARRIAGE"
synthetic-scotland,13k,3,2,sibling-birth-bundler,0.67,JENSEN_SHANNON,25,16217,50,3905,0.9969,0.8059,0.8913,42,1941792664,70,799f9bfcecdce053d602d8a790afee31b42d65d9,sif-3.cluster,"FATHER_FORENAME, FATHER_SURNAME, MOTHER_FORENAME, MOTHER_MAIDEN_SURNAME, PARENTS_PLACE_OF_MARRIAGE, PARENTS_DAY_OF_MARRIAGE, PARENTS_MONTH_OF_MARRIAGE, PARENTS_YEAR_OF_MARRIAGE"
synthetic-scotland,13k,4,0,sibling-birth-bundler,0.67,JENSEN_SHANNON,25,19691,85,26,0.9957,0.9987,0.9972,43,1728492720,70,799f9bfcecdce053d602d8a790afee31b42d65d9,sif-2.cluster,"FATHER_FORENAME, FATHER_SURNAME, MOTHER_FORENAME, MOTHER_MAIDEN_SURNAME, PARENTS_PLACE_OF_MARRIAGE, PARENTS_DAY_OF_MARRIAGE, PARENTS_MONTH_OF_MARRIAGE, PARENTS_YEAR_OF_MARRIAGE"
synthetic-scotland,13k,4,1,sibling-birth-bundler,0.67,JENSEN_SHANNON,25,17719,71,1998,0.9960,0.8987,0.9448,43,1414171840,70,799f9bfcecdce053d602d8a790afee31b42d65d9,sif-6.cluster,"FATHER_FORENAME, FATHER_SURNAME, MOTHER_FORENAME, MOTHER_MAIDEN_SURNAME, PARENTS_PLACE_OF_MARRIAGE, PARENTS_DAY_OF_MARRIAGE, PARENTS_MONTH_OF_MARRIAGE, PARENTS_YEAR_OF_MARRIAGE"
synthetic-scotland,13k,2,2,sibling-birth-bundler,0.67,JENSEN_SHANNON,25,15482,41,4013,0.9974,0.7942,0.8842,92,681827696,70,799f9bfcecdce053d602d8a790afee31b42d65d9,sif-11.cluster,"FATHER_FORENAME, FATHER_SURNAME, MOTHER_FORENAME, MOTHER_MAIDEN_SURNAME, PARENTS_PLACE_OF_MARRIAGE, PARENTS_DAY_OF_MARRIAGE, PARENTS_MONTH_OF_MARRIAGE, PARENTS_YEAR_OF_MARRIAGE"
synthetic-scotland,13k,4,2,sibling-birth-bundler,0.67,JENSEN_SHANNON,25,15750,71,3967,0.9955,0.7988,0.8864,42,1020164264,70,799f9bfcecdce053d602d8a790afee31b42d65d9,sif-7.cluster,"FATHER_FORENAME, FATHER_SURNAME, MOTHER_FORENAME, MOTHER_MAIDEN_SURNAME, PARENTS_PLACE_OF_MARRIAGE, PARENTS_DAY_OF_MARRIAGE, PARENTS_MONTH_OF_MARRIAGE, PARENTS_YEAR_OF_MARRIAGE"
synthetic-scotland,13k,5,1,sibling-birth-bundler,0.67,JENSEN_SHANNON,25,18157,46,2020,0.9975,0.8999,0.9462,47,2291952232,70,799f9bfcecdce053d602d8a790afee31b42d65d9,sif-3.cluster,"FATHER_FORENAME, FATHER_SURNAME, MOTHER_FORENAME, MOTHER_MAIDEN_SURNAME, PARENTS_PLACE_OF_MARRIAGE, PARENTS_DAY_OF_MARRIAGE, PARENTS_MONTH_OF_MARRIAGE, PARENTS_YEAR_OF_MARRIAGE"
synthetic-scotland,13k,5,0,sibling-birth-bundler,0.67,JENSEN_SHANNON,25,20138,51,39,0.9975,0.9981,0.9978,99,636091408,70,799f9bfcecdce053d602d8a790afee31b42d65d9,sif-5.cluster,"FATHER_FORENAME, FATHER_SURNAME, MOTHER_FORENAME, MOTHER_MAIDEN_SURNAME, PARENTS_PLACE_OF_MARRIAGE, PARENTS_DAY_OF_MARRIAGE, PARENTS_MONTH_OF_MARRIAGE, PARENTS_YEAR_OF_MARRIAGE"
synthetic-scotland,133k,1,0,sibling-birth-bundler,0.67,JENSEN_SHANNON,40,205430,6582,0,0.9690,1.0000,0.9842,4303,1099775448,110,799f9bfcecdce053d602d8a790afee31b42d65d9,hogun-4.cluster,"FATHER_FORENAME, FATHER_SURNAME, MOTHER_FORENAME, MOTHER_MAIDEN_SURNAME, PARENTS_PLACE_OF_MARRIAGE, PARENTS_DAY_OF_MARRIAGE, PARENTS_MONTH_OF_MARRIAGE, PARENTS_YEAR_OF_MARRIAGE"
synthetic-scotland,133k,2,0,sibling-birth-bundler,0.67,JENSEN_SHANNON,25,205808,5449,377,0.9742,0.9982,0.9860,4309,2669613840,70,799f9bfcecdce053d602d8a790afee31b42d65d9,sif-3.cluster,"FATHER_FORENAME, FATHER_SURNAME, MOTHER_FORENAME, MOTHER_MAIDEN_SURNAME, PARENTS_PLACE_OF_MARRIAGE, PARENTS_DAY_OF_MARRIAGE, PARENTS_MONTH_OF_MARRIAGE, PARENTS_YEAR_OF_MARRIAGE"
synthetic-scotland,133k,1,0,sibling-birth-bundler,0.67,JENSEN_SHANNON,25,205035,4920,395,0.9766,0.9981,0.9872,4395,1414171840,70,799f9bfcecdce053d602d8a790afee31b42d65d9,sif-6.cluster,"FATHER_FORENAME, FATHER_SURNAME, MOTHER_FORENAME, MOTHER_MAIDEN_SURNAME, PARENTS_PLACE_OF_MARRIAGE, PARENTS_DAY_OF_MARRIAGE, PARENTS_MONTH_OF_MARRIAGE, PARENTS_YEAR_OF_MARRIAGE"
synthetic-scotland,133k,1,0,sibling-birth-bundler,0.67,BAG_DISTANCE,40,205430,25043,0,0.8913,1.0000,0.9425,8256,3596388520,30,799f9bfcecdce053d602d8a790afee31b42d65d9,hogun-3.cluster,"FATHER_FORENAME, FATHER_SURNAME, MOTHER_FORENAME, MOTHER_MAIDEN_SURNAME, PARENTS_PLACE_OF_MARRIAGE, PARENTS_DAY_OF_MARRIAGE, PARENTS_MONTH_OF_MARRIAGE, PARENTS_YEAR_OF_MARRIAGE"
synthetic-scotland,133k,1,2,sibling-birth-bundler,0.67,BAG_DISTANCE,40,172192,19613,33238,0.8977,0.8382,0.8670,8150,2734174976,70,799f9bfcecdce053d602d8a790afee31b42d65d9,hogun-11.cluster,"FATHER_FORENAME, FATHER_SURNAME, MOTHER_FORENAME, MOTHER_MAIDEN_SURNAME, PARENTS_PLACE_OF_MARRIAGE, PARENTS_DAY_OF_MARRIAGE, PARENTS_MONTH_OF_MARRIAGE, PARENTS_YEAR_OF_MARRIAGE"
synthetic-scotland,133k,1,0,sibling-birth-bundler,0.67,BAG_DISTANCE,40,205430,25043,0,0.8913,1.0000,0.9425,8209,2296243432,50,799f9bfcecdce053d602d8a790afee31b42d65d9,sif-1.cluster,"FATHER_FORENAME, FATHER_SURNAME, MOTHER_FORENAME, MOTHER_MAIDEN_SURNAME, PARENTS_PLACE_OF_MARRIAGE, PARENTS_DAY_OF_MARRIAGE, PARENTS_MONTH_OF_MARRIAGE, PARENTS_YEAR_OF_MARRIAGE"
synthetic-scotland,133k,1,0,sibling-birth-bundler,0.67,BAG_DISTANCE,40,205430,25043,0,0.8913,1.0000,0.9425,8474,1418912104,90,799f9bfcecdce053d602d8a790afee31b42d65d9,sif-8.cluster,"FATHER_FORENAME, FATHER_SURNAME, MOTHER_FORENAME, MOTHER_MAIDEN_SURNAME, PARENTS_PLACE_OF_MARRIAGE, PARENTS_DAY_OF_MARRIAGE, PARENTS_MONTH_OF_MARRIAGE, PARENTS_YEAR_OF_MARRIAGE"
synthetic-scotland,133k,1,0,sibling-birth-bundler,0.67,BAG_DISTANCE,40,205430,25043,0,0.8913,1.0000,0.9425,8305,1169693816,70,799f9bfcecdce053d602d8a790afee31b42d65d9,sif-4.cluster,"FATHER_FORENAME, FATHER_SURNAME, MOTHER_FORENAME, MOTHER_MAIDEN_SURNAME, PARENTS_PLACE_OF_MARRIAGE, PARENTS_DAY_OF_MARRIAGE, PARENTS_MONTH_OF_MARRIAGE, PARENTS_YEAR_OF_MARRIAGE"
synthetic-scotland,133k,1,0,sibling-birth-bundler,0.67,BAG_DISTANCE,40,205430,25043,0,0.8913,1.0000,0.9425,8493,3284806272,110,799f9bfcecdce053d602d8a790afee31b42d65d9,sif-9.cluster,"FATHER_FORENAME, FATHER_SURNAME, MOTHER_FORENAME, MOTHER_MAIDEN_SURNAME, PARENTS_PLACE_OF_MARRIAGE, PARENTS_DAY_OF_MARRIAGE, PARENTS_MONTH_OF_MARRIAGE, PARENTS_YEAR_OF_MARRIAGE"
synthetic-scotland,133k,3,0,sibling-birth-bundler,0.67,JENSEN_SHANNON,25,206972,5920,370,0.9722,0.9982,0.9850,4347,4071640712,70,799f9bfcecdce053d602d8a790afee31b42d65d9,sif-3.cluster,"FATHER_FORENAME, FATHER_SURNAME, MOTHER_FORENAME, MOTHER_MAIDEN_SURNAME, PARENTS_PLACE_OF_MARRIAGE, PARENTS_DAY_OF_MARRIAGE, PARENTS_MONTH_OF_MARRIAGE, PARENTS_YEAR_OF_MARRIAGE"
synthetic-scotland,133k,4,0,sibling-birth-bundler,0.67,JENSEN_SHANNON,25,206826,4549,365,0.9785,0.9982,0.9883,4529,3027614680,70,799f9bfcecdce053d602d8a790afee31b42d65d9,hogun-11.cluster,"FATHER_FORENAME, FATHER_SURNAME, MOTHER_FORENAME, MOTHER_MAIDEN_SURNAME, PARENTS_PLACE_OF_MARRIAGE, PARENTS_DAY_OF_MARRIAGE, PARENTS_MONTH_OF_MARRIAGE, PARENTS_YEAR_OF_MARRIAGE"
synthetic-scotland,13k,1,0,sibling-birth-bundler,0.67,BAG_DISTANCE,25,20862,232,49,0.9890,0.9977,0.9933,92,4115827544,70,799f9bfcecdce053d602d8a790afee31b42d65d9,hogun-11.cluster,"FATHER_FORENAME, FATHER_SURNAME, MOTHER_FORENAME, MOTHER_MAIDEN_SURNAME, PARENTS_PLACE_OF_MARRIAGE, PARENTS_DAY_OF_MARRIAGE, PARENTS_MONTH_OF_MARRIAGE, PARENTS_YEAR_OF_MARRIAGE"
synthetic-scotland,13k,1,1,sibling-birth-bundler,0.67,BAG_DISTANCE,25,19146,188,1765,0.9903,0.9156,0.9515,96,4141109576,70,799f9bfcecdce053d602d8a790afee31b42d65d9,hogun-11.cluster,"FATHER_FORENAME, FATHER_SURNAME, MOTHER_FORENAME, MOTHER_MAIDEN_SURNAME, PARENTS_PLACE_OF_MARRIAGE, PARENTS_DAY_OF_MARRIAGE, PARENTS_MONTH_OF_MARRIAGE, PARENTS_YEAR_OF_MARRIAGE"
synthetic-scotland,13k,1,2,sibling-birth-bundler,0.67,BAG_DISTANCE,25,17512,181,3399,0.9898,0.8375,0.9073,98,4250299344,70,799f9bfcecdce053d602d8a790afee31b42d65d9,hogun-11.cluster,"FATHER_FORENAME, FATHER_SURNAME, MOTHER_FORENAME, MOTHER_MAIDEN_SURNAME, PARENTS_PLACE_OF_MARRIAGE, PARENTS_DAY_OF_MARRIAGE, PARENTS_MONTH_OF_MARRIAGE, PARENTS_YEAR_OF_MARRIAGE"
synthetic-scotland,13k,2,0,sibling-birth-bundler,0.67,BAG_DISTANCE,25,19464,200,31,0.9898,0.9984,0.9941,88,4250299344,70,799f9bfcecdce053d602d8a790afee31b42d65d9,hogun-11.cluster,"FATHER_FORENAME, FATHER_SURNAME, MOTHER_FORENAME, MOTHER_MAIDEN_SURNAME, PARENTS_PLACE_OF_MARRIAGE, PARENTS_DAY_OF_MARRIAGE, PARENTS_MONTH_OF_MARRIAGE, PARENTS_YEAR_OF_MARRIAGE"
synthetic-scotland,13k,2,1,sibling-birth-bundler,0.67,BAG_DISTANCE,25,17558,173,1937,0.9902,0.9006,0.9433,89,4502489320,70,799f9bfcecdce053d602d8a790afee31b42d65d9,hogun-11.cluster,"FATHER_FORENAME, FATHER_SURNAME, MOTHER_FORENAME, MOTHER_MAIDEN_SURNAME, PARENTS_PLACE_OF_MARRIAGE, PARENTS_DAY_OF_MARRIAGE, PARENTS_MONTH_OF_MARRIAGE, PARENTS_YEAR_OF_MARRIAGE"
synthetic-scotland,133k,5,0,sibling-birth-bundler,0.67,JENSEN_SHANNON,25,204977,5433,430,0.9742,0.9979,0.9859,4439,4362863176,70,799f9bfcecdce053d602d8a790afee31b42d65d9,sif-4.cluster,"FATHER_FORENAME, FATHER_SURNAME, MOTHER_FORENAME, MOTHER_MAIDEN_SURNAME, PARENTS_PLACE_OF_MARRIAGE, PARENTS_DAY_OF_MARRIAGE, PARENTS_MONTH_OF_MARRIAGE, PARENTS_YEAR_OF_MARRIAGE"
synthetic-scotland,13k,2,2,sibling-birth-bundler,0.67,BAG_DISTANCE,25,16088,158,3407,0.9903,0.8252,0.9003,87,4527541144,70,799f9bfcecdce053d602d8a790afee31b42d65d9,hogun-11.cluster,"FATHER_FORENAME, FATHER_SURNAME, MOTHER_FORENAME, MOTHER_MAIDEN_SURNAME, PARENTS_PLACE_OF_MARRIAGE, PARENTS_DAY_OF_MARRIAGE, PARENTS_MONTH_OF_MARRIAGE, PARENTS_YEAR_OF_MARRIAGE"
synthetic-scotland,13k,3,0,sibling-birth-bundler,0.67,BAG_DISTANCE,25,20085,278,37,0.9863,0.9982,0.9922,92,4362863176,70,799f9bfcecdce053d602d8a790afee31b42d65d9,sif-4.cluster,"FATHER_FORENAME, FATHER_SURNAME, MOTHER_FORENAME, MOTHER_MAIDEN_SURNAME, PARENTS_PLACE_OF_MARRIAGE, PARENTS_DAY_OF_MARRIAGE, PARENTS_MONTH_OF_MARRIAGE, PARENTS_YEAR_OF_MARRIAGE"
synthetic-scotland,13k,3,1,sibling-birth-bundler,0.67,BAG_DISTANCE,25,18284,234,1838,0.9874,0.9087,0.9464,85,4527541144,70,799f9bfcecdce053d602d8a790afee31b42d65d9,hogun-11.cluster,"FATHER_FORENAME, FATHER_SURNAME, MOTHER_FORENAME, MOTHER_MAIDEN_SURNAME, PARENTS_PLACE_OF_MARRIAGE, PARENTS_DAY_OF_MARRIAGE, PARENTS_MONTH_OF_MARRIAGE, PARENTS_YEAR_OF_MARRIAGE"
synthetic-scotland,13k,3,2,sibling-birth-bundler,0.67,BAG_DISTANCE,25,16824,210,3298,0.9877,0.8361,0.9056,83,4362863176,70,799f9bfcecdce053d602d8a790afee31b42d65d9,sif-4.cluster,"FATHER_FORENAME, FATHER_SURNAME, MOTHER_FORENAME, MOTHER_MAIDEN_SURNAME, PARENTS_PLACE_OF_MARRIAGE, PARENTS_DAY_OF_MARRIAGE, PARENTS_MONTH_OF_MARRIAGE, PARENTS_YEAR_OF_MARRIAGE"
synthetic-scotland,13k,4,0,sibling-birth-bundler,0.67,BAG_DISTANCE,25,19691,232,26,0.9884,0.9987,0.9935,88,4527541144,70,799f9bfcecdce053d602d8a790afee31b42d65d9,hogun-11.cluster,"FATHER_FORENAME, FATHER_SURNAME, MOTHER_FORENAME, MOTHER_MAIDEN_SURNAME, PARENTS_PLACE_OF_MARRIAGE, PARENTS_DAY_OF_MARRIAGE, PARENTS_MONTH_OF_MARRIAGE, PARENTS_YEAR_OF_MARRIAGE"
synthetic-scotland,13k,4,1,sibling-birth-bundler,0.67,BAG_DISTANCE,25,18035,200,1682,0.9890,0.9147,0.9504,86,4362863176,70,799f9bfcecdce053d602d8a790afee31b42d65d9,sif-4.cluster,"FATHER_FORENAME, FATHER_SURNAME, MOTHER_FORENAME, MOTHER_MAIDEN_SURNAME, PARENTS_PLACE_OF_MARRIAGE, PARENTS_DAY_OF_MARRIAGE, PARENTS_MONTH_OF_MARRIAGE, PARENTS_YEAR_OF_MARRIAGE"
synthetic-scotland,13k,4,2,sibling-birth-bundler,0.67,BAG_DISTANCE,25,16476,187,3241,0.9888,0.8356,0.9058,88,4527541144,70,799f9bfcecdce053d602d8a790afee31b42d65d9,hogun-11.cluster,"FATHER_FORENAME, FATHER_SURNAME, MOTHER_FORENAME, MOTHER_MAIDEN_SURNAME, PARENTS_PLACE_OF_MARRIAGE, PARENTS_DAY_OF_MARRIAGE, PARENTS_MONTH_OF_MARRIAGE, PARENTS_YEAR_OF_MARRIAGE"
synthetic-scotland,13k,5,0,sibling-birth-bundler,0.67,BAG_DISTANCE,25,20138,203,39,0.9900,0.9981,0.9940,91,4362863176,70,799f9bfcecdce053d602d8a790afee31b42d65d9,sif-4.cluster,"FATHER_FORENAME, FATHER_SURNAME, MOTHER_FORENAME, MOTHER_MAIDEN_SURNAME, PARENTS_PLACE_OF_MARRIAGE, PARENTS_DAY_OF_MARRIAGE, PARENTS_MONTH_OF_MARRIAGE, PARENTS_YEAR_OF_MARRIAGE"
synthetic-scotland,13k,5,1,sibling-birth-bundler,0.67,BAG_DISTANCE,25,18437,169,1740,0.9909,0.9138,0.9508,93,4872333320,70,799f9bfcecdce053d602d8a790afee31b42d65d9,hogun-11.cluster,"FATHER_FORENAME, FATHER_SURNAME, MOTHER_FORENAME, MOTHER_MAIDEN_SURNAME, PARENTS_PLACE_OF_MARRIAGE, PARENTS_DAY_OF_MARRIAGE, PARENTS_MONTH_OF_MARRIAGE, PARENTS_YEAR_OF_MARRIAGE"
synthetic-scotland,13k,5,2,sibling-birth-bundler,0.67,BAG_DISTANCE,25,16800,161,3377,0.9905,0.8326,0.9047,91,4362863176,70,799f9bfcecdce053d602d8a790afee31b42d65d9,sif-4.cluster,"FATHER_FORENAME, FATHER_SURNAME, MOTHER_FORENAME, MOTHER_MAIDEN_SURNAME, PARENTS_PLACE_OF_MARRIAGE, PARENTS_DAY_OF_MARRIAGE, PARENTS_MONTH_OF_MARRIAGE, PARENTS_YEAR_OF_MARRIAGE"
synthetic-scotland,133k,1,1,sibling-birth-bundler,0.67,BAG_DISTANCE,25,187907,16428,17523,0.9196,0.9147,0.9171,8256,4362863176,70,799f9bfcecdce053d602d8a790afee31b42d65d9,sif-4.cluster,"FATHER_FORENAME, FATHER_SURNAME, MOTHER_FORENAME, MOTHER_MAIDEN_SURNAME, PARENTS_PLACE_OF_MARRIAGE, PARENTS_DAY_OF_MARRIAGE, PARENTS_MONTH_OF_MARRIAGE, PARENTS_YEAR_OF_MARRIAGE"
synthetic-scotland,133k,1,0,sibling-birth-bundler,0.67,BAG_DISTANCE,25,205035,18710,395,0.9164,0.9981,0.9555,8406,4872333320,70,799f9bfcecdce053d602d8a790afee31b42d65d9,hogun-11.cluster,"FATHER_FORENAME, FATHER_SURNAME, MOTHER_FORENAME, MOTHER_MAIDEN_SURNAME, PARENTS_PLACE_OF_MARRIAGE, PARENTS_DAY_OF_MARRIAGE, PARENTS_MONTH_OF_MARRIAGE, PARENTS_YEAR_OF_MARRIAGE"
synthetic-scotland,133k,1,2,sibling-birth-bundler,0.67,BAG_DISTANCE,25,171757,14585,33673,0.9217,0.8361,0.8768,8184,4362863176,70,799f9bfcecdce053d602d8a790afee31b42d65d9,sif-4.cluster,"FATHER_FORENAME, FATHER_SURNAME, MOTHER_FORENAME, MOTHER_MAIDEN_SURNAME, PARENTS_PLACE_OF_MARRIAGE, PARENTS_DAY_OF_MARRIAGE, PARENTS_MONTH_OF_MARRIAGE, PARENTS_YEAR_OF_MARRIAGE"
synthetic-scotland,133k,2,0,sibling-birth-bundler,0.67,BAG_DISTANCE,25,205808,18298,377,0.9184,0.9982,0.9566,8406,4872333320,70,799f9bfcecdce053d602d8a790afee31b42d65d9,hogun-11.cluster,"FATHER_FORENAME, FATHER_SURNAME, MOTHER_FORENAME, MOTHER_MAIDEN_SURNAME, PARENTS_PLACE_OF_MARRIAGE, PARENTS_DAY_OF_MARRIAGE, PARENTS_MONTH_OF_MARRIAGE, PARENTS_YEAR_OF_MARRIAGE"
synthetic-scotland,133k,2,1,sibling-birth-bundler,0.67,BAG_DISTANCE,25,188483,16068,17702,0.9214,0.9141,0.9178,8305,4362863176,70,799f9bfcecdce053d602d8a790afee31b42d65d9,sif-4.cluster,"FATHER_FORENAME, FATHER_SURNAME, MOTHER_FORENAME, MOTHER_MAIDEN_SURNAME, PARENTS_PLACE_OF_MARRIAGE, PARENTS_DAY_OF_MARRIAGE, PARENTS_MONTH_OF_MARRIAGE, PARENTS_YEAR_OF_MARRIAGE"
synthetic-scotland,133k,2,2,sibling-birth-bundler,0.67,BAG_DISTANCE,25,171712,13985,34473,0.9247,0.8328,0.8763,8336,4872333320,70,799f9bfcecdce053d602d8a790afee31b42d65d9,hogun-11.cluster,"FATHER_FORENAME, FATHER_SURNAME, MOTHER_FORENAME, MOTHER_MAIDEN_SURNAME, PARENTS_PLACE_OF_MARRIAGE, PARENTS_DAY_OF_MARRIAGE, PARENTS_MONTH_OF_MARRIAGE, PARENTS_YEAR_OF_MARRIAGE"
synthetic-scotland,133k,3,0,sibling-birth-bundler,0.67,BAG_DISTANCE,25,206972,20592,370,0.9095,0.9982,0.9518,8443,4362863176,70,799f9bfcecdce053d602d8a790afee31b42d65d9,sif-4.cluster,"FATHER_FORENAME, FATHER_SURNAME, MOTHER_FORENAME, MOTHER_MAIDEN_SURNAME, PARENTS_PLACE_OF_MARRIAGE, PARENTS_DAY_OF_MARRIAGE, PARENTS_MONTH_OF_MARRIAGE, PARENTS_YEAR_OF_MARRIAGE"
synthetic-scotland,133k,3,1,sibling-birth-bundler,0.67,BAG_DISTANCE,25,189820,18375,17522,0.9117,0.9155,0.9136,8490,4872333320,70,799f9bfcecdce053d602d8a790afee31b42d65d9,hogun-11.cluster,"FATHER_FORENAME, FATHER_SURNAME, MOTHER_FORENAME, MOTHER_MAIDEN_SURNAME, PARENTS_PLACE_OF_MARRIAGE, PARENTS_DAY_OF_MARRIAGE, PARENTS_MONTH_OF_MARRIAGE, PARENTS_YEAR_OF_MARRIAGE"
synthetic-scotland,133k,3,2,sibling-birth-bundler,0.67,BAG_DISTANCE,25,173121,15755,34221,0.9166,0.8350,0.8739,8309,4362863176,70,799f9bfcecdce053d602d8a790afee31b42d65d9,sif-4.cluster,"FATHER_FORENAME, FATHER_SURNAME, MOTHER_FORENAME, MOTHER_MAIDEN_SURNAME, PARENTS_PLACE_OF_MARRIAGE, PARENTS_DAY_OF_MARRIAGE, PARENTS_MONTH_OF_MARRIAGE, PARENTS_YEAR_OF_MARRIAGE"
synthetic-scotland,133k,4,0,sibling-birth-bundler,0.67,BAG_DISTANCE,25,206826,18337,365,0.9186,0.9982,0.9567,8542,4872333320,70,799f9bfcecdce053d602d8a790afee31b42d65d9,hogun-11.cluster,"FATHER_FORENAME, FATHER_SURNAME, MOTHER_FORENAME, MOTHER_MAIDEN_SURNAME, PARENTS_PLACE_OF_MARRIAGE, PARENTS_DAY_OF_MARRIAGE, PARENTS_MONTH_OF_MARRIAGE, PARENTS_YEAR_OF_MARRIAGE"
synthetic-scotland,133k,4,1,sibling-birth-bundler,0.67,BAG_DISTANCE,25,189198,16046,17993,0.9218,0.9132,0.9175,8381,4362863176,70,799f9bfcecdce053d602d8a790afee31b42d65d9,sif-4.cluster,"FATHER_FORENAME, FATHER_SURNAME, MOTHER_FORENAME, MOTHER_MAIDEN_SURNAME, PARENTS_PLACE_OF_MARRIAGE, PARENTS_DAY_OF_MARRIAGE, PARENTS_MONTH_OF_MARRIAGE, PARENTS_YEAR_OF_MARRIAGE"
synthetic-scotland,133k,4,2,sibling-birth-bundler,0.67,BAG_DISTANCE,25,172022,14465,35169,0.9224,0.8303,0.8739,8429,4872333320,70,799f9bfcecdce053d602d8a790afee31b42d65d9,hogun-11.cluster,"FATHER_FORENAME, FATHER_SURNAME, MOTHER_FORENAME, MOTHER_MAIDEN_SURNAME, PARENTS_PLACE_OF_MARRIAGE, PARENTS_DAY_OF_MARRIAGE, PARENTS_MONTH_OF_MARRIAGE, PARENTS_YEAR_OF_MARRIAGE"
synthetic-scotland,133k,5,0,sibling-birth-bundler,0.67,BAG_DISTANCE,25,204977,19322,430,0.9139,0.9979,0.9540,8271,4511515928,70,799f9bfcecdce053d602d8a790afee31b42d65d9,sif-4.cluster,"FATHER_FORENAME, FATHER_SURNAME, MOTHER_FORENAME, MOTHER_MAIDEN_SURNAME, PARENTS_PLACE_OF_MARRIAGE, PARENTS_DAY_OF_MARRIAGE, PARENTS_MONTH_OF_MARRIAGE, PARENTS_YEAR_OF_MARRIAGE"
synthetic-scotland,133k,5,1,sibling-birth-bundler,0.67,BAG_DISTANCE,25,187710,16722,17697,0.9182,0.9138,0.9160,8328,4872333320,70,799f9bfcecdce053d602d8a790afee31b42d65d9,hogun-11.cluster,"FATHER_FORENAME, FATHER_SURNAME, MOTHER_FORENAME, MOTHER_MAIDEN_SURNAME, PARENTS_PLACE_OF_MARRIAGE, PARENTS_DAY_OF_MARRIAGE, PARENTS_MONTH_OF_MARRIAGE, PARENTS_YEAR_OF_MARRIAGE"
synthetic-scotland,530k,1,0,sibling-birth-bundler,0.67,JENSEN_SHANNON,40,823658,110521,0,0.8817,1.0000,0.9371,64968,3041332208,110,799f9bfcecdce053d602d8a790afee31b42d65d9,hogun-10.cluster,"FATHER_FORENAME, FATHER_SURNAME, MOTHER_FORENAME, MOTHER_MAIDEN_SURNAME, PARENTS_PLACE_OF_MARRIAGE, PARENTS_DAY_OF_MARRIAGE, PARENTS_MONTH_OF_MARRIAGE, PARENTS_YEAR_OF_MARRIAGE"
synthetic-scotland,133k,5,2,sibling-birth-bundler,0.67,BAG_DISTANCE,25,171372,14896,34035,0.9200,0.8343,0.8751,8161,4511515928,70,799f9bfcecdce053d602d8a790afee31b42d65d9,sif-4.cluster,"FATHER_FORENAME, FATHER_SURNAME, MOTHER_FORENAME, MOTHER_MAIDEN_SURNAME, PARENTS_PLACE_OF_MARRIAGE, PARENTS_DAY_OF_MARRIAGE, PARENTS_MONTH_OF_MARRIAGE, PARENTS_YEAR_OF_MARRIAGE"
