population,size,pop#,corruption#,linkage-approach,threshold,metric,max-sibling-gap,tp,fp,fn,precision,recall,f-measure,link-time-seconds,max-memory-usage,ROs,code-version,hostname,linkage-fields-1,linkage-fields--2
synthetic-scotland,13k,3,0,sibling-birth-bundler,0.67,JENSEN_SHANNON,40,20122,93,0,0.9954,1,0.9977,71,3988741104,70,d36f4d52acd58b56950d51b99d9f1adb55529885,hogun-8.cluster,"FATHER_FORENAME, FATHER_SURNAME, MOTHER_FORENAME, MOTHER_MAIDEN_SURNAME, PARENTS_PLACE_OF_MARRIAGE, PARENTS_DAY_OF_MARRIAGE, PARENTS_MONTH_OF_MARRIAGE, PARENTS_YEAR_OF_MARRIAGE","FATHER_FORENAME, FATHER_SURNAME, MOTHER_FORENAME, MOTHER_MAIDEN_SURNAME, PARENTS_PLACE_OF_MARRIAGE, PARENTS_DAY_OF_MARRIAGE, PARENTS_MONTH_OF_MARRIAGE, PARENTS_YEAR_OF_MARRIAGE"
synthetic-scotland,13k,3,2,sibling-birth-bundler,0.67,JENSEN_SHANNON,40,16257,64,3865,0.9961,0.8079,0.8922,80,3118324920,70,d36f4d52acd58b56950d51b99d9f1adb55529885,hogun-2.cluster,"FATHER_FORENAME, FATHER_SURNAME, MOTHER_FORENAME, MOTHER_MAIDEN_SURNAME, PARENTS_PLACE_OF_MARRIAGE, PARENTS_DAY_OF_MARRIAGE, PARENTS_MONTH_OF_MARRIAGE, PARENTS_YEAR_OF_MARRIAGE","FATHER_FORENAME, FATHER_SURNAME, MOTHER_FORENAME, MOTHER_MAIDEN_SURNAME, PARENTS_PLACE_OF_MARRIAGE, PARENTS_DAY_OF_MARRIAGE, PARENTS_MONTH_OF_MARRIAGE, PARENTS_YEAR_OF_MARRIAGE"
synthetic-scotland,13k,3,1,sibling-birth-bundler,0.67,JENSEN_SHANNON,40,17997,79,2125,0.9956,0.8944,0.9423,91,3746131240,70,d36f4d52acd58b56950d51b99d9f1adb55529885,hogun-7.cluster,"FATHER_FORENAME, FATHER_SURNAME, MOTHER_FORENAME, MOTHER_MAIDEN_SURNAME, PARENTS_PLACE_OF_MARRIAGE, PARENTS_DAY_OF_MARRIAGE, PARENTS_MONTH_OF_MARRIAGE, PARENTS_YEAR_OF_MARRIAGE","FATHER_FORENAME, FATHER_SURNAME, MOTHER_FORENAME, MOTHER_MAIDEN_SURNAME, PARENTS_PLACE_OF_MARRIAGE, PARENTS_DAY_OF_MARRIAGE, PARENTS_MONTH_OF_MARRIAGE, PARENTS_YEAR_OF_MARRIAGE"
synthetic-scotland,13k,4,0,sibling-birth-bundler,0.67,JENSEN_SHANNON,40,19717,112,0,0.9944,1,0.9972,86,3431057288,70,d36f4d52acd58b56950d51b99d9f1adb55529885,hogun-10.cluster,"FATHER_FORENAME, FATHER_SURNAME, MOTHER_FORENAME, MOTHER_MAIDEN_SURNAME, PARENTS_PLACE_OF_MARRIAGE, PARENTS_DAY_OF_MARRIAGE, PARENTS_MONTH_OF_MARRIAGE, PARENTS_YEAR_OF_MARRIAGE","FATHER_FORENAME, FATHER_SURNAME, MOTHER_FORENAME, MOTHER_MAIDEN_SURNAME, PARENTS_PLACE_OF_MARRIAGE, PARENTS_DAY_OF_MARRIAGE, PARENTS_MONTH_OF_MARRIAGE, PARENTS_YEAR_OF_MARRIAGE"
synthetic-scotland,13k,4,1,sibling-birth-bundler,0.67,JENSEN_SHANNON,40,17744,90,1973,0.995,0.8999,0.9451,86,1375777848,70,d36f4d52acd58b56950d51b99d9f1adb55529885,hogun-3.cluster,"FATHER_FORENAME, FATHER_SURNAME, MOTHER_FORENAME, MOTHER_MAIDEN_SURNAME, PARENTS_PLACE_OF_MARRIAGE, PARENTS_DAY_OF_MARRIAGE, PARENTS_MONTH_OF_MARRIAGE, PARENTS_YEAR_OF_MARRIAGE","FATHER_FORENAME, FATHER_SURNAME, MOTHER_FORENAME, MOTHER_MAIDEN_SURNAME, PARENTS_PLACE_OF_MARRIAGE, PARENTS_DAY_OF_MARRIAGE, PARENTS_MONTH_OF_MARRIAGE, PARENTS_YEAR_OF_MARRIAGE"
synthetic-scotland,13k,4,2,sibling-birth-bundler,0.67,JENSEN_SHANNON,40,15775,86,3942,0.9946,0.8001,0.8868,73,2730353728,70,d36f4d52acd58b56950d51b99d9f1adb55529885,hogun-9.cluster,"FATHER_FORENAME, FATHER_SURNAME, MOTHER_FORENAME, MOTHER_MAIDEN_SURNAME, PARENTS_PLACE_OF_MARRIAGE, PARENTS_DAY_OF_MARRIAGE, PARENTS_MONTH_OF_MARRIAGE, PARENTS_YEAR_OF_MARRIAGE","FATHER_FORENAME, FATHER_SURNAME, MOTHER_FORENAME, MOTHER_MAIDEN_SURNAME, PARENTS_PLACE_OF_MARRIAGE, PARENTS_DAY_OF_MARRIAGE, PARENTS_MONTH_OF_MARRIAGE, PARENTS_YEAR_OF_MARRIAGE"
synthetic-scotland,13k,5,0,sibling-birth-bundler,0.67,JENSEN_SHANNON,40,20177,62,0,0.9969,1,0.9985,73,3647837448,70,d36f4d52acd58b56950d51b99d9f1adb55529885,hogun-5.cluster,"FATHER_FORENAME, FATHER_SURNAME, MOTHER_FORENAME, MOTHER_MAIDEN_SURNAME, PARENTS_PLACE_OF_MARRIAGE, PARENTS_DAY_OF_MARRIAGE, PARENTS_MONTH_OF_MARRIAGE, PARENTS_YEAR_OF_MARRIAGE","FATHER_FORENAME, FATHER_SURNAME, MOTHER_FORENAME, MOTHER_MAIDEN_SURNAME, PARENTS_PLACE_OF_MARRIAGE, PARENTS_DAY_OF_MARRIAGE, PARENTS_MONTH_OF_MARRIAGE, PARENTS_YEAR_OF_MARRIAGE"
synthetic-scotland,13k,5,2,sibling-birth-bundler,0.67,JENSEN_SHANNON,40,16148,52,4029,0.9968,0.8003,0.8878,74,3271640584,70,d36f4d52acd58b56950d51b99d9f1adb55529885,hogun-6.cluster,"FATHER_FORENAME, FATHER_SURNAME, MOTHER_FORENAME, MOTHER_MAIDEN_SURNAME, PARENTS_PLACE_OF_MARRIAGE, PARENTS_DAY_OF_MARRIAGE, PARENTS_MONTH_OF_MARRIAGE, PARENTS_YEAR_OF_MARRIAGE","FATHER_FORENAME, FATHER_SURNAME, MOTHER_FORENAME, MOTHER_MAIDEN_SURNAME, PARENTS_PLACE_OF_MARRIAGE, PARENTS_DAY_OF_MARRIAGE, PARENTS_MONTH_OF_MARRIAGE, PARENTS_YEAR_OF_MARRIAGE"
synthetic-scotland,13k,5,1,sibling-birth-bundler,0.67,JENSEN_SHANNON,40,18202,56,1975,0.9969,0.9021,0.9472,112,4039460312,70,d36f4d52acd58b56950d51b99d9f1adb55529885,hogun-8.cluster,"FATHER_FORENAME, FATHER_SURNAME, MOTHER_FORENAME, MOTHER_MAIDEN_SURNAME, PARENTS_PLACE_OF_MARRIAGE, PARENTS_DAY_OF_MARRIAGE, PARENTS_MONTH_OF_MARRIAGE, PARENTS_YEAR_OF_MARRIAGE","FATHER_FORENAME, FATHER_SURNAME, MOTHER_FORENAME, MOTHER_MAIDEN_SURNAME, PARENTS_PLACE_OF_MARRIAGE, PARENTS_DAY_OF_MARRIAGE, PARENTS_MONTH_OF_MARRIAGE, PARENTS_YEAR_OF_MARRIAGE"
synthetic-scotland,13k,1,0,birth-death-sibling,0.9,JENSEN_SHANNON,40,23536,30935336,0,0.0008,1,0.0015,126,2662189240,70,d36f4d52acd58b56950d51b99d9f1adb55529885,sif-1.cluster,"Birth.FATHER_FORENAME, Birth.FATHER_SURNAME, Birth.MOTHER_FORENAME, Birth.MOTHER_MAIDEN_SURNAME","Death.FATHER_FORENAME, Death.FATHER_SURNAME, Death.MOTHER_FORENAME, Death.MOTHER_MAIDEN_SURNAME"
synthetic-scotland,13k,1,1,birth-death-sibling,0.9,JENSEN_SHANNON,40,22560,29630294,976,0.0008,0.9585,0.0015,177,2662189240,70,d36f4d52acd58b56950d51b99d9f1adb55529885,sif-1.cluster,"Birth.FATHER_FORENAME, Birth.FATHER_SURNAME, Birth.MOTHER_FORENAME, Birth.MOTHER_MAIDEN_SURNAME","Death.FATHER_FORENAME, Death.FATHER_SURNAME, Death.MOTHER_FORENAME, Death.MOTHER_MAIDEN_SURNAME"
synthetic-scotland,13k,1,2,birth-death-sibling,0.9,JENSEN_SHANNON,40,21558,28245817,1978,0.0008,0.916,0.0015,238,2662189240,70,d36f4d52acd58b56950d51b99d9f1adb55529885,sif-1.cluster,"Birth.FATHER_FORENAME, Birth.FATHER_SURNAME, Birth.MOTHER_FORENAME, Birth.MOTHER_MAIDEN_SURNAME","Death.FATHER_FORENAME, Death.FATHER_SURNAME, Death.MOTHER_FORENAME, Death.MOTHER_MAIDEN_SURNAME"
synthetic-scotland,13k,2,0,birth-death-sibling,0.9,JENSEN_SHANNON,40,22145,28250908,0,0.0008,1,0.0016,283,2662189240,70,d36f4d52acd58b56950d51b99d9f1adb55529885,sif-1.cluster,"Birth.FATHER_FORENAME, Birth.FATHER_SURNAME, Birth.MOTHER_FORENAME, Birth.MOTHER_MAIDEN_SURNAME","Death.FATHER_FORENAME, Death.FATHER_SURNAME, Death.MOTHER_FORENAME, Death.MOTHER_MAIDEN_SURNAME"
synthetic-scotland,13k,2,1,birth-death-sibling,0.9,JENSEN_SHANNON,40,21128,27043036,1017,0.0008,0.9541,0.0016,343,2662189240,70,d36f4d52acd58b56950d51b99d9f1adb55529885,sif-1.cluster,"Birth.FATHER_FORENAME, Birth.FATHER_SURNAME, Birth.MOTHER_FORENAME, Birth.MOTHER_MAIDEN_SURNAME","Death.FATHER_FORENAME, Death.FATHER_SURNAME, Death.MOTHER_FORENAME, Death.MOTHER_MAIDEN_SURNAME"
synthetic-scotland,13k,2,2,birth-death-sibling,0.9,JENSEN_SHANNON,40,20201,25806949,1944,0.0008,0.9122,0.0016,388,2662189240,70,d36f4d52acd58b56950d51b99d9f1adb55529885,sif-1.cluster,"Birth.FATHER_FORENAME, Birth.FATHER_SURNAME, Birth.MOTHER_FORENAME, Birth.MOTHER_MAIDEN_SURNAME","Death.FATHER_FORENAME, Death.FATHER_SURNAME, Death.MOTHER_FORENAME, Death.MOTHER_MAIDEN_SURNAME"
synthetic-scotland,13k,3,0,birth-death-sibling,0.9,JENSEN_SHANNON,40,22581,29097200,0,0.0008,1,0.0015,412,2662189240,70,d36f4d52acd58b56950d51b99d9f1adb55529885,sif-1.cluster,"Birth.FATHER_FORENAME, Birth.FATHER_SURNAME, Birth.MOTHER_FORENAME, Birth.MOTHER_MAIDEN_SURNAME","Death.FATHER_FORENAME, Death.FATHER_SURNAME, Death.MOTHER_FORENAME, Death.MOTHER_MAIDEN_SURNAME"
synthetic-scotland,13k,3,1,birth-death-sibling,0.9,JENSEN_SHANNON,40,21616,27867434,965,0.0008,0.9573,0.0015,631,2662189240,70,d36f4d52acd58b56950d51b99d9f1adb55529885,sif-1.cluster,"Birth.FATHER_FORENAME, Birth.FATHER_SURNAME, Birth.MOTHER_FORENAME, Birth.MOTHER_MAIDEN_SURNAME","Death.FATHER_FORENAME, Death.FATHER_SURNAME, Death.MOTHER_FORENAME, Death.MOTHER_MAIDEN_SURNAME"
synthetic-scotland,133k,2,2,sibling-birth-bundler,0.67,JENSEN_SHANNON,40,165885,5184,40300,0.9697,0.8045,0.8794,6002,3473149240,90,d36f4d52acd58b56950d51b99d9f1adb55529885,hogun-4.cluster,"FATHER_FORENAME, FATHER_SURNAME, MOTHER_FORENAME, MOTHER_MAIDEN_SURNAME, PARENTS_PLACE_OF_MARRIAGE, PARENTS_DAY_OF_MARRIAGE, PARENTS_MONTH_OF_MARRIAGE, PARENTS_YEAR_OF_MARRIAGE","FATHER_FORENAME, FATHER_SURNAME, MOTHER_FORENAME, MOTHER_MAIDEN_SURNAME, PARENTS_PLACE_OF_MARRIAGE, PARENTS_DAY_OF_MARRIAGE, PARENTS_MONTH_OF_MARRIAGE, PARENTS_YEAR_OF_MARRIAGE"
synthetic-scotland,13k,3,2,birth-death-sibling,0.9,JENSEN_SHANNON,40,20614,26562546,1967,0.0008,0.9129,0.0015,729,2662189240,70,d36f4d52acd58b56950d51b99d9f1adb55529885,sif-1.cluster,"Birth.FATHER_FORENAME, Birth.FATHER_SURNAME, Birth.MOTHER_FORENAME, Birth.MOTHER_MAIDEN_SURNAME","Death.FATHER_FORENAME, Death.FATHER_SURNAME, Death.MOTHER_FORENAME, Death.MOTHER_MAIDEN_SURNAME"
synthetic-scotland,133k,3,1,sibling-birth-bundler,0.67,JENSEN_SHANNON,40,186779,6862,20563,0.9646,0.9008,0.9316,6133,3978359208,90,d36f4d52acd58b56950d51b99d9f1adb55529885,hogun-1.cluster,"FATHER_FORENAME, FATHER_SURNAME, MOTHER_FORENAME, MOTHER_MAIDEN_SURNAME, PARENTS_PLACE_OF_MARRIAGE, PARENTS_DAY_OF_MARRIAGE, PARENTS_MONTH_OF_MARRIAGE, PARENTS_YEAR_OF_MARRIAGE","FATHER_FORENAME, FATHER_SURNAME, MOTHER_FORENAME, MOTHER_MAIDEN_SURNAME, PARENTS_PLACE_OF_MARRIAGE, PARENTS_DAY_OF_MARRIAGE, PARENTS_MONTH_OF_MARRIAGE, PARENTS_YEAR_OF_MARRIAGE"
synthetic-scotland,13k,4,0,birth-death-sibling,0.9,JENSEN_SHANNON,40,22031,27946237,0,0.0008,1,0.0016,149,4233955728,70,d36f4d52acd58b56950d51b99d9f1adb55529885,hogun-4.cluster,"Birth.FATHER_FORENAME, Birth.FATHER_SURNAME, Birth.MOTHER_FORENAME, Birth.MOTHER_MAIDEN_SURNAME","Death.FATHER_FORENAME, Death.FATHER_SURNAME, Death.MOTHER_FORENAME, Death.MOTHER_MAIDEN_SURNAME"
synthetic-scotland,133k,4,0,sibling-birth-bundler,0.67,JENSEN_SHANNON,40,207191,6028,0,0.9717,1,0.9857,6263,3655406816,90,d36f4d52acd58b56950d51b99d9f1adb55529885,hogun-11.cluster,"FATHER_FORENAME, FATHER_SURNAME, MOTHER_FORENAME, MOTHER_MAIDEN_SURNAME, PARENTS_PLACE_OF_MARRIAGE, PARENTS_DAY_OF_MARRIAGE, PARENTS_MONTH_OF_MARRIAGE, PARENTS_YEAR_OF_MARRIAGE","FATHER_FORENAME, FATHER_SURNAME, MOTHER_FORENAME, MOTHER_MAIDEN_SURNAME, PARENTS_PLACE_OF_MARRIAGE, PARENTS_DAY_OF_MARRIAGE, PARENTS_MONTH_OF_MARRIAGE, PARENTS_YEAR_OF_MARRIAGE"
synthetic-scotland,13k,4,2,birth-death-sibling,0.9,JENSEN_SHANNON,40,20285,25626917,1746,0.0008,0.9207,0.0016,158,3978359208,70,d36f4d52acd58b56950d51b99d9f1adb55529885,hogun-1.cluster,"Birth.FATHER_FORENAME, Birth.FATHER_SURNAME, Birth.MOTHER_FORENAME, Birth.MOTHER_MAIDEN_SURNAME","Death.FATHER_FORENAME, Death.FATHER_SURNAME, Death.MOTHER_FORENAME, Death.MOTHER_MAIDEN_SURNAME"
synthetic-scotland,133k,2,1,sibling-birth-bundler,0.67,JENSEN_SHANNON,40,185623,6065,20562,0.9684,0.9003,0.9331,6719,3639632432,90,d36f4d52acd58b56950d51b99d9f1adb55529885,hogun-9.cluster,"FATHER_FORENAME, FATHER_SURNAME, MOTHER_FORENAME, MOTHER_MAIDEN_SURNAME, PARENTS_PLACE_OF_MARRIAGE, PARENTS_DAY_OF_MARRIAGE, PARENTS_MONTH_OF_MARRIAGE, PARENTS_YEAR_OF_MARRIAGE","FATHER_FORENAME, FATHER_SURNAME, MOTHER_FORENAME, MOTHER_MAIDEN_SURNAME, PARENTS_PLACE_OF_MARRIAGE, PARENTS_DAY_OF_MARRIAGE, PARENTS_MONTH_OF_MARRIAGE, PARENTS_YEAR_OF_MARRIAGE"
synthetic-scotland,13k,5,1,birth-death-sibling,0.9,JENSEN_SHANNON,40,21553,28623320,1114,0.0008,0.9509,0.0015,166,3655406816,70,d36f4d52acd58b56950d51b99d9f1adb55529885,hogun-11.cluster,"Birth.FATHER_FORENAME, Birth.FATHER_SURNAME, Birth.MOTHER_FORENAME, Birth.MOTHER_MAIDEN_SURNAME","Death.FATHER_FORENAME, Death.FATHER_SURNAME, Death.MOTHER_FORENAME, Death.MOTHER_MAIDEN_SURNAME"
synthetic-scotland,13k,5,0,birth-death-sibling,0.9,JENSEN_SHANNON,40,22667,30023099,0,0.0008,1,0.0015,229,4233955728,70,d36f4d52acd58b56950d51b99d9f1adb55529885,hogun-4.cluster,"Birth.FATHER_FORENAME, Birth.FATHER_SURNAME, Birth.MOTHER_FORENAME, Birth.MOTHER_MAIDEN_SURNAME","Death.FATHER_FORENAME, Death.FATHER_SURNAME, Death.MOTHER_FORENAME, Death.MOTHER_MAIDEN_SURNAME"
synthetic-scotland,13k,1,0,sibling-birth-bundler,0.67,JENSEN_SHANNON,25,20862,47,49,0.9978,0.9977,0.9977,107,3639632432,70,d36f4d52acd58b56950d51b99d9f1adb55529885,hogun-9.cluster,"FATHER_FORENAME, FATHER_SURNAME, MOTHER_FORENAME, MOTHER_MAIDEN_SURNAME, PARENTS_PLACE_OF_MARRIAGE, PARENTS_DAY_OF_MARRIAGE, PARENTS_MONTH_OF_MARRIAGE, PARENTS_YEAR_OF_MARRIAGE","FATHER_FORENAME, FATHER_SURNAME, MOTHER_FORENAME, MOTHER_MAIDEN_SURNAME, PARENTS_PLACE_OF_MARRIAGE, PARENTS_DAY_OF_MARRIAGE, PARENTS_MONTH_OF_MARRIAGE, PARENTS_YEAR_OF_MARRIAGE"
synthetic-scotland,13k,1,1,sibling-birth-bundler,0.67,JENSEN_SHANNON,25,18736,35,2175,0.9981,0.896,0.9443,153,4596172016,70,d36f4d52acd58b56950d51b99d9f1adb55529885,hogun-11.cluster,"FATHER_FORENAME, FATHER_SURNAME, MOTHER_FORENAME, MOTHER_MAIDEN_SURNAME, PARENTS_PLACE_OF_MARRIAGE, PARENTS_DAY_OF_MARRIAGE, PARENTS_MONTH_OF_MARRIAGE, PARENTS_YEAR_OF_MARRIAGE","FATHER_FORENAME, FATHER_SURNAME, MOTHER_FORENAME, MOTHER_MAIDEN_SURNAME, PARENTS_PLACE_OF_MARRIAGE, PARENTS_DAY_OF_MARRIAGE, PARENTS_MONTH_OF_MARRIAGE, PARENTS_YEAR_OF_MARRIAGE"
synthetic-scotland,13k,5,2,birth-death-sibling,0.9,JENSEN_SHANNON,40,20711,27478392,1956,0.0008,0.9137,0.0015,233,4567737944,70,d36f4d52acd58b56950d51b99d9f1adb55529885,hogun-1.cluster,"Birth.FATHER_FORENAME, Birth.FATHER_SURNAME, Birth.MOTHER_FORENAME, Birth.MOTHER_MAIDEN_SURNAME","Death.FATHER_FORENAME, Death.FATHER_SURNAME, Death.MOTHER_FORENAME, Death.MOTHER_MAIDEN_SURNAME"
synthetic-scotland,13k,2,0,sibling-birth-bundler,0.67,JENSEN_SHANNON,25,19464,49,31,0.9975,0.9984,0.9979,115,3650567936,70,d36f4d52acd58b56950d51b99d9f1adb55529885,hogun-9.cluster,"FATHER_FORENAME, FATHER_SURNAME, MOTHER_FORENAME, MOTHER_MAIDEN_SURNAME, PARENTS_PLACE_OF_MARRIAGE, PARENTS_DAY_OF_MARRIAGE, PARENTS_MONTH_OF_MARRIAGE, PARENTS_YEAR_OF_MARRIAGE","FATHER_FORENAME, FATHER_SURNAME, MOTHER_FORENAME, MOTHER_MAIDEN_SURNAME, PARENTS_PLACE_OF_MARRIAGE, PARENTS_DAY_OF_MARRIAGE, PARENTS_MONTH_OF_MARRIAGE, PARENTS_YEAR_OF_MARRIAGE"
synthetic-scotland,13k,1,2,sibling-birth-bundler,0.67,JENSEN_SHANNON,25,16818,34,4093,0.998,0.8043,0.8907,190,4233955728,70,d36f4d52acd58b56950d51b99d9f1adb55529885,hogun-4.cluster,"FATHER_FORENAME, FATHER_SURNAME, MOTHER_FORENAME, MOTHER_MAIDEN_SURNAME, PARENTS_PLACE_OF_MARRIAGE, PARENTS_DAY_OF_MARRIAGE, PARENTS_MONTH_OF_MARRIAGE, PARENTS_YEAR_OF_MARRIAGE","FATHER_FORENAME, FATHER_SURNAME, MOTHER_FORENAME, MOTHER_MAIDEN_SURNAME, PARENTS_PLACE_OF_MARRIAGE, PARENTS_DAY_OF_MARRIAGE, PARENTS_MONTH_OF_MARRIAGE, PARENTS_YEAR_OF_MARRIAGE"
synthetic-scotland,13k,2,1,sibling-birth-bundler,0.67,JENSEN_SHANNON,25,17197,46,2298,0.9973,0.8821,0.9362,170,4596172016,70,d36f4d52acd58b56950d51b99d9f1adb55529885,hogun-11.cluster,"FATHER_FORENAME, FATHER_SURNAME, MOTHER_FORENAME, MOTHER_MAIDEN_SURNAME, PARENTS_PLACE_OF_MARRIAGE, PARENTS_DAY_OF_MARRIAGE, PARENTS_MONTH_OF_MARRIAGE, PARENTS_YEAR_OF_MARRIAGE","FATHER_FORENAME, FATHER_SURNAME, MOTHER_FORENAME, MOTHER_MAIDEN_SURNAME, PARENTS_PLACE_OF_MARRIAGE, PARENTS_DAY_OF_MARRIAGE, PARENTS_MONTH_OF_MARRIAGE, PARENTS_YEAR_OF_MARRIAGE"
synthetic-scotland,13k,3,0,sibling-birth-bundler,0.67,JENSEN_SHANNON,25,20085,76,37,0.9962,0.9982,0.9972,134,3650567936,70,d36f4d52acd58b56950d51b99d9f1adb55529885,hogun-9.cluster,"FATHER_FORENAME, FATHER_SURNAME, MOTHER_FORENAME, MOTHER_MAIDEN_SURNAME, PARENTS_PLACE_OF_MARRIAGE, PARENTS_DAY_OF_MARRIAGE, PARENTS_MONTH_OF_MARRIAGE, PARENTS_YEAR_OF_MARRIAGE","FATHER_FORENAME, FATHER_SURNAME, MOTHER_FORENAME, MOTHER_MAIDEN_SURNAME, PARENTS_PLACE_OF_MARRIAGE, PARENTS_DAY_OF_MARRIAGE, PARENTS_MONTH_OF_MARRIAGE, PARENTS_YEAR_OF_MARRIAGE"
synthetic-scotland,13k,2,2,sibling-birth-bundler,0.67,JENSEN_SHANNON,25,15482,41,4013,0.9974,0.7942,0.8842,177,4567737944,70,d36f4d52acd58b56950d51b99d9f1adb55529885,hogun-1.cluster,"FATHER_FORENAME, FATHER_SURNAME, MOTHER_FORENAME, MOTHER_MAIDEN_SURNAME, PARENTS_PLACE_OF_MARRIAGE, PARENTS_DAY_OF_MARRIAGE, PARENTS_MONTH_OF_MARRIAGE, PARENTS_YEAR_OF_MARRIAGE","FATHER_FORENAME, FATHER_SURNAME, MOTHER_FORENAME, MOTHER_MAIDEN_SURNAME, PARENTS_PLACE_OF_MARRIAGE, PARENTS_DAY_OF_MARRIAGE, PARENTS_MONTH_OF_MARRIAGE, PARENTS_YEAR_OF_MARRIAGE"
synthetic-scotland,13k,3,1,sibling-birth-bundler,0.67,JENSEN_SHANNON,25,17962,64,2160,0.9964,0.8927,0.9417,180,4233955728,70,d36f4d52acd58b56950d51b99d9f1adb55529885,hogun-4.cluster,"FATHER_FORENAME, FATHER_SURNAME, MOTHER_FORENAME, MOTHER_MAIDEN_SURNAME, PARENTS_PLACE_OF_MARRIAGE, PARENTS_DAY_OF_MARRIAGE, PARENTS_MONTH_OF_MARRIAGE, PARENTS_YEAR_OF_MARRIAGE","FATHER_FORENAME, FATHER_SURNAME, MOTHER_FORENAME, MOTHER_MAIDEN_SURNAME, PARENTS_PLACE_OF_MARRIAGE, PARENTS_DAY_OF_MARRIAGE, PARENTS_MONTH_OF_MARRIAGE, PARENTS_YEAR_OF_MARRIAGE"
synthetic-scotland,13k,4,0,sibling-birth-bundler,0.67,JENSEN_SHANNON,25,19691,85,26,0.9957,0.9987,0.9972,153,4531589360,70,d36f4d52acd58b56950d51b99d9f1adb55529885,hogun-9.cluster,"FATHER_FORENAME, FATHER_SURNAME, MOTHER_FORENAME, MOTHER_MAIDEN_SURNAME, PARENTS_PLACE_OF_MARRIAGE, PARENTS_DAY_OF_MARRIAGE, PARENTS_MONTH_OF_MARRIAGE, PARENTS_YEAR_OF_MARRIAGE","FATHER_FORENAME, FATHER_SURNAME, MOTHER_FORENAME, MOTHER_MAIDEN_SURNAME, PARENTS_PLACE_OF_MARRIAGE, PARENTS_DAY_OF_MARRIAGE, PARENTS_MONTH_OF_MARRIAGE, PARENTS_YEAR_OF_MARRIAGE"
synthetic-scotland,13k,3,2,sibling-birth-bundler,0.67,JENSEN_SHANNON,25,16217,50,3905,0.9969,0.8059,0.8913,184,4596172016,70,d36f4d52acd58b56950d51b99d9f1adb55529885,hogun-11.cluster,"FATHER_FORENAME, FATHER_SURNAME, MOTHER_FORENAME, MOTHER_MAIDEN_SURNAME, PARENTS_PLACE_OF_MARRIAGE, PARENTS_DAY_OF_MARRIAGE, PARENTS_MONTH_OF_MARRIAGE, PARENTS_YEAR_OF_MARRIAGE","FATHER_FORENAME, FATHER_SURNAME, MOTHER_FORENAME, MOTHER_MAIDEN_SURNAME, PARENTS_PLACE_OF_MARRIAGE, PARENTS_DAY_OF_MARRIAGE, PARENTS_MONTH_OF_MARRIAGE, PARENTS_YEAR_OF_MARRIAGE"
synthetic-scotland,13k,4,1,sibling-birth-bundler,0.67,JENSEN_SHANNON,25,17719,71,1998,0.996,0.8987,0.9448,216,4567737944,70,d36f4d52acd58b56950d51b99d9f1adb55529885,hogun-1.cluster,"FATHER_FORENAME, FATHER_SURNAME, MOTHER_FORENAME, MOTHER_MAIDEN_SURNAME, PARENTS_PLACE_OF_MARRIAGE, PARENTS_DAY_OF_MARRIAGE, PARENTS_MONTH_OF_MARRIAGE, PARENTS_YEAR_OF_MARRIAGE","FATHER_FORENAME, FATHER_SURNAME, MOTHER_FORENAME, MOTHER_MAIDEN_SURNAME, PARENTS_PLACE_OF_MARRIAGE, PARENTS_DAY_OF_MARRIAGE, PARENTS_MONTH_OF_MARRIAGE, PARENTS_YEAR_OF_MARRIAGE"
synthetic-scotland,13k,4,1,birth-death-sibling,0.9,JENSEN_SHANNON,40,21152,26811704,879,0.0008,0.9601,0.0016,745,2662189240,70,d36f4d52acd58b56950d51b99d9f1adb55529885,sif-1.cluster,"Birth.FATHER_FORENAME, Birth.FATHER_SURNAME, Birth.MOTHER_FORENAME, Birth.MOTHER_MAIDEN_SURNAME","Death.FATHER_FORENAME, Death.FATHER_SURNAME, Death.MOTHER_FORENAME, Death.MOTHER_MAIDEN_SURNAME"
synthetic-scotland,13k,4,2,sibling-birth-bundler,0.67,JENSEN_SHANNON,25,15750,71,3967,0.9955,0.7988,0.8864,202,4279314952,70,d36f4d52acd58b56950d51b99d9f1adb55529885,hogun-4.cluster,"FATHER_FORENAME, FATHER_SURNAME, MOTHER_FORENAME, MOTHER_MAIDEN_SURNAME, PARENTS_PLACE_OF_MARRIAGE, PARENTS_DAY_OF_MARRIAGE, PARENTS_MONTH_OF_MARRIAGE, PARENTS_YEAR_OF_MARRIAGE","FATHER_FORENAME, FATHER_SURNAME, MOTHER_FORENAME, MOTHER_MAIDEN_SURNAME, PARENTS_PLACE_OF_MARRIAGE, PARENTS_DAY_OF_MARRIAGE, PARENTS_MONTH_OF_MARRIAGE, PARENTS_YEAR_OF_MARRIAGE"
synthetic-scotland,13k,5,0,sibling-birth-bundler,0.67,JENSEN_SHANNON,25,20138,51,39,0.9975,0.9981,0.9978,198,4531589360,70,d36f4d52acd58b56950d51b99d9f1adb55529885,hogun-9.cluster,"FATHER_FORENAME, FATHER_SURNAME, MOTHER_FORENAME, MOTHER_MAIDEN_SURNAME, PARENTS_PLACE_OF_MARRIAGE, PARENTS_DAY_OF_MARRIAGE, PARENTS_MONTH_OF_MARRIAGE, PARENTS_YEAR_OF_MARRIAGE","FATHER_FORENAME, FATHER_SURNAME, MOTHER_FORENAME, MOTHER_MAIDEN_SURNAME, PARENTS_PLACE_OF_MARRIAGE, PARENTS_DAY_OF_MARRIAGE, PARENTS_MONTH_OF_MARRIAGE, PARENTS_YEAR_OF_MARRIAGE"
synthetic-scotland,13k,5,1,sibling-birth-bundler,0.67,JENSEN_SHANNON,25,18157,46,2020,0.9975,0.8999,0.9462,202,4596172016,70,d36f4d52acd58b56950d51b99d9f1adb55529885,hogun-11.cluster,"FATHER_FORENAME, FATHER_SURNAME, MOTHER_FORENAME, MOTHER_MAIDEN_SURNAME, PARENTS_PLACE_OF_MARRIAGE, PARENTS_DAY_OF_MARRIAGE, PARENTS_MONTH_OF_MARRIAGE, PARENTS_YEAR_OF_MARRIAGE","FATHER_FORENAME, FATHER_SURNAME, MOTHER_FORENAME, MOTHER_MAIDEN_SURNAME, PARENTS_PLACE_OF_MARRIAGE, PARENTS_DAY_OF_MARRIAGE, PARENTS_MONTH_OF_MARRIAGE, PARENTS_YEAR_OF_MARRIAGE"
synthetic-scotland,13k,5,2,sibling-birth-bundler,0.67,JENSEN_SHANNON,25,16114,44,4063,0.9973,0.7986,0.887,255,4567737944,70,d36f4d52acd58b56950d51b99d9f1adb55529885,hogun-1.cluster,"FATHER_FORENAME, FATHER_SURNAME, MOTHER_FORENAME, MOTHER_MAIDEN_SURNAME, PARENTS_PLACE_OF_MARRIAGE, PARENTS_DAY_OF_MARRIAGE, PARENTS_MONTH_OF_MARRIAGE, PARENTS_YEAR_OF_MARRIAGE","FATHER_FORENAME, FATHER_SURNAME, MOTHER_FORENAME, MOTHER_MAIDEN_SURNAME, PARENTS_PLACE_OF_MARRIAGE, PARENTS_DAY_OF_MARRIAGE, PARENTS_MONTH_OF_MARRIAGE, PARENTS_YEAR_OF_MARRIAGE"
synthetic-scotland,133k,5,0,sibling-birth-bundler,0.67,JENSEN_SHANNON,40,205407,7107,0,0.9666,1,0.983,6198,3361120816,90,d36f4d52acd58b56950d51b99d9f1adb55529885,sif-7.cluster,"FATHER_FORENAME, FATHER_SURNAME, MOTHER_FORENAME, MOTHER_MAIDEN_SURNAME, PARENTS_PLACE_OF_MARRIAGE, PARENTS_DAY_OF_MARRIAGE, PARENTS_MONTH_OF_MARRIAGE, PARENTS_YEAR_OF_MARRIAGE","FATHER_FORENAME, FATHER_SURNAME, MOTHER_FORENAME, MOTHER_MAIDEN_SURNAME, PARENTS_PLACE_OF_MARRIAGE, PARENTS_DAY_OF_MARRIAGE, PARENTS_MONTH_OF_MARRIAGE, PARENTS_YEAR_OF_MARRIAGE"
synthetic-scotland,133k,5,1,sibling-birth-bundler,0.67,JENSEN_SHANNON,40,184838,5922,20569,0.969,0.8999,0.9331,6292,3774412664,90,d36f4d52acd58b56950d51b99d9f1adb55529885,sif-8.cluster,"FATHER_FORENAME, FATHER_SURNAME, MOTHER_FORENAME, MOTHER_MAIDEN_SURNAME, PARENTS_PLACE_OF_MARRIAGE, PARENTS_DAY_OF_MARRIAGE, PARENTS_MONTH_OF_MARRIAGE, PARENTS_YEAR_OF_MARRIAGE","FATHER_FORENAME, FATHER_SURNAME, MOTHER_FORENAME, MOTHER_MAIDEN_SURNAME, PARENTS_PLACE_OF_MARRIAGE, PARENTS_DAY_OF_MARRIAGE, PARENTS_MONTH_OF_MARRIAGE, PARENTS_YEAR_OF_MARRIAGE"
synthetic-scotland,133k,4,2,sibling-birth-bundler,0.67,JENSEN_SHANNON,40,166017,4451,41174,0.9739,0.8013,0.8792,6635,3493624256,90,d36f4d52acd58b56950d51b99d9f1adb55529885,sif-2.cluster,"FATHER_FORENAME, FATHER_SURNAME, MOTHER_FORENAME, MOTHER_MAIDEN_SURNAME, PARENTS_PLACE_OF_MARRIAGE, PARENTS_DAY_OF_MARRIAGE, PARENTS_MONTH_OF_MARRIAGE, PARENTS_YEAR_OF_MARRIAGE","FATHER_FORENAME, FATHER_SURNAME, MOTHER_FORENAME, MOTHER_MAIDEN_SURNAME, PARENTS_PLACE_OF_MARRIAGE, PARENTS_DAY_OF_MARRIAGE, PARENTS_MONTH_OF_MARRIAGE, PARENTS_YEAR_OF_MARRIAGE"
synthetic-scotland,133k,2,0,sibling-birth-bundler,0.67,JENSEN_SHANNON,40,206185,7177,0,0.9664,1,0.9829,7789,2558644112,90,d36f4d52acd58b56950d51b99d9f1adb55529885,hogun-3.cluster,"FATHER_FORENAME, FATHER_SURNAME, MOTHER_FORENAME, MOTHER_MAIDEN_SURNAME, PARENTS_PLACE_OF_MARRIAGE, PARENTS_DAY_OF_MARRIAGE, PARENTS_MONTH_OF_MARRIAGE, PARENTS_YEAR_OF_MARRIAGE","FATHER_FORENAME, FATHER_SURNAME, MOTHER_FORENAME, MOTHER_MAIDEN_SURNAME, PARENTS_PLACE_OF_MARRIAGE, PARENTS_DAY_OF_MARRIAGE, PARENTS_MONTH_OF_MARRIAGE, PARENTS_YEAR_OF_MARRIAGE"
synthetic-scotland,133k,1,1,sibling-birth-bundler,0.67,JENSEN_SHANNON,40,185054,5720,20376,0.97,0.9008,0.9341,7829,3746131240,90,d36f4d52acd58b56950d51b99d9f1adb55529885,hogun-7.cluster,"FATHER_FORENAME, FATHER_SURNAME, MOTHER_FORENAME, MOTHER_MAIDEN_SURNAME, PARENTS_PLACE_OF_MARRIAGE, PARENTS_DAY_OF_MARRIAGE, PARENTS_MONTH_OF_MARRIAGE, PARENTS_YEAR_OF_MARRIAGE","FATHER_FORENAME, FATHER_SURNAME, MOTHER_FORENAME, MOTHER_MAIDEN_SURNAME, PARENTS_PLACE_OF_MARRIAGE, PARENTS_DAY_OF_MARRIAGE, PARENTS_MONTH_OF_MARRIAGE, PARENTS_YEAR_OF_MARRIAGE"
synthetic-scotland,133k,3,0,sibling-birth-bundler,0.67,JENSEN_SHANNON,40,207342,7812,0,0.9637,1,0.9815,8160,4332779112,90,d36f4d52acd58b56950d51b99d9f1adb55529885,hogun-5.cluster,"FATHER_FORENAME, FATHER_SURNAME, MOTHER_FORENAME, MOTHER_MAIDEN_SURNAME, PARENTS_PLACE_OF_MARRIAGE, PARENTS_DAY_OF_MARRIAGE, PARENTS_MONTH_OF_MARRIAGE, PARENTS_YEAR_OF_MARRIAGE","FATHER_FORENAME, FATHER_SURNAME, MOTHER_FORENAME, MOTHER_MAIDEN_SURNAME, PARENTS_PLACE_OF_MARRIAGE, PARENTS_DAY_OF_MARRIAGE, PARENTS_MONTH_OF_MARRIAGE, PARENTS_YEAR_OF_MARRIAGE"
synthetic-scotland,133k,1,0,sibling-birth-bundler,0.67,JENSEN_SHANNON,40,205430,6582,0,0.969,1,0.9842,7853,3635354232,90,d36f4d52acd58b56950d51b99d9f1adb55529885,hogun-2.cluster,"FATHER_FORENAME, FATHER_SURNAME, MOTHER_FORENAME, MOTHER_MAIDEN_SURNAME, PARENTS_PLACE_OF_MARRIAGE, PARENTS_DAY_OF_MARRIAGE, PARENTS_MONTH_OF_MARRIAGE, PARENTS_YEAR_OF_MARRIAGE","FATHER_FORENAME, FATHER_SURNAME, MOTHER_FORENAME, MOTHER_MAIDEN_SURNAME, PARENTS_PLACE_OF_MARRIAGE, PARENTS_DAY_OF_MARRIAGE, PARENTS_MONTH_OF_MARRIAGE, PARENTS_YEAR_OF_MARRIAGE"
synthetic-scotland,133k,3,2,sibling-birth-bundler,0.67,JENSEN_SHANNON,40,167153,5780,40189,0.9666,0.8062,0.8791,8498,3271640584,90,d36f4d52acd58b56950d51b99d9f1adb55529885,hogun-6.cluster,"FATHER_FORENAME, FATHER_SURNAME, MOTHER_FORENAME, MOTHER_MAIDEN_SURNAME, PARENTS_PLACE_OF_MARRIAGE, PARENTS_DAY_OF_MARRIAGE, PARENTS_MONTH_OF_MARRIAGE, PARENTS_YEAR_OF_MARRIAGE","FATHER_FORENAME, FATHER_SURNAME, MOTHER_FORENAME, MOTHER_MAIDEN_SURNAME, PARENTS_PLACE_OF_MARRIAGE, PARENTS_DAY_OF_MARRIAGE, PARENTS_MONTH_OF_MARRIAGE, PARENTS_YEAR_OF_MARRIAGE"
synthetic-scotland,133k,1,2,sibling-birth-bundler,0.67,JENSEN_SHANNON,40,165638,4912,39792,0.9712,0.8063,0.8811,8468,4358687704,90,d36f4d52acd58b56950d51b99d9f1adb55529885,hogun-10.cluster,"FATHER_FORENAME, FATHER_SURNAME, MOTHER_FORENAME, MOTHER_MAIDEN_SURNAME, PARENTS_PLACE_OF_MARRIAGE, PARENTS_DAY_OF_MARRIAGE, PARENTS_MONTH_OF_MARRIAGE, PARENTS_YEAR_OF_MARRIAGE","FATHER_FORENAME, FATHER_SURNAME, MOTHER_FORENAME, MOTHER_MAIDEN_SURNAME, PARENTS_PLACE_OF_MARRIAGE, PARENTS_DAY_OF_MARRIAGE, PARENTS_MONTH_OF_MARRIAGE, PARENTS_YEAR_OF_MARRIAGE"
synthetic-scotland,133k,5,2,sibling-birth-bundler,0.67,JENSEN_SHANNON,40,165351,5089,40056,0.9701,0.805,0.8799,8873,2730583944,90,d36f4d52acd58b56950d51b99d9f1adb55529885,sif-9.cluster,"FATHER_FORENAME, FATHER_SURNAME, MOTHER_FORENAME, MOTHER_MAIDEN_SURNAME, PARENTS_PLACE_OF_MARRIAGE, PARENTS_DAY_OF_MARRIAGE, PARENTS_MONTH_OF_MARRIAGE, PARENTS_YEAR_OF_MARRIAGE","FATHER_FORENAME, FATHER_SURNAME, MOTHER_FORENAME, MOTHER_MAIDEN_SURNAME, PARENTS_PLACE_OF_MARRIAGE, PARENTS_DAY_OF_MARRIAGE, PARENTS_MONTH_OF_MARRIAGE, PARENTS_YEAR_OF_MARRIAGE"
synthetic-scotland,133k,4,1,sibling-birth-bundler,0.67,JENSEN_SHANNON,40,186426,5179,20765,0.973,0.8998,0.9349,10609,4225083952,90,d36f4d52acd58b56950d51b99d9f1adb55529885,hogun-8.cluster,"FATHER_FORENAME, FATHER_SURNAME, MOTHER_FORENAME, MOTHER_MAIDEN_SURNAME, PARENTS_PLACE_OF_MARRIAGE, PARENTS_DAY_OF_MARRIAGE, PARENTS_MONTH_OF_MARRIAGE, PARENTS_YEAR_OF_MARRIAGE","FATHER_FORENAME, FATHER_SURNAME, MOTHER_FORENAME, MOTHER_MAIDEN_SURNAME, PARENTS_PLACE_OF_MARRIAGE, PARENTS_DAY_OF_MARRIAGE, PARENTS_MONTH_OF_MARRIAGE, PARENTS_YEAR_OF_MARRIAGE"
synthetic-scotland,133k,2,2,sibling-birth-bundler,0.67,JENSEN_SHANNON,25,165485,3876,40700,0.9771,0.8026,0.8813,7940,3508604856,90,d36f4d52acd58b56950d51b99d9f1adb55529885,sif-7.cluster,"FATHER_FORENAME, FATHER_SURNAME, MOTHER_FORENAME, MOTHER_MAIDEN_SURNAME, PARENTS_PLACE_OF_MARRIAGE, PARENTS_DAY_OF_MARRIAGE, PARENTS_MONTH_OF_MARRIAGE, PARENTS_YEAR_OF_MARRIAGE","FATHER_FORENAME, FATHER_SURNAME, MOTHER_FORENAME, MOTHER_MAIDEN_SURNAME, PARENTS_PLACE_OF_MARRIAGE, PARENTS_DAY_OF_MARRIAGE, PARENTS_MONTH_OF_MARRIAGE, PARENTS_YEAR_OF_MARRIAGE"
synthetic-scotland,13k,1,0,birth-death-sibling,0.4,JENSEN_SHANNON,25,1,0,23535,1,0,0.0001,46,4220199552,70,d36f4d52acd58b56950d51b99d9f1adb55529885,sif-7.cluster,"Birth.FATHER_FORENAME, Birth.FATHER_SURNAME, Birth.MOTHER_FORENAME, Birth.MOTHER_MAIDEN_SURNAME","Death.FATHER_FORENAME, Death.FATHER_SURNAME, Death.MOTHER_FORENAME, Death.MOTHER_MAIDEN_SURNAME"
synthetic-scotland,13k,1,1,birth-death-sibling,0.4,JENSEN_SHANNON,25,1,0,23535,1,0,0.0001,67,4705592432,70,d36f4d52acd58b56950d51b99d9f1adb55529885,sif-7.cluster,"Birth.FATHER_FORENAME, Birth.FATHER_SURNAME, Birth.MOTHER_FORENAME, Birth.MOTHER_MAIDEN_SURNAME","Death.FATHER_FORENAME, Death.FATHER_SURNAME, Death.MOTHER_FORENAME, Death.MOTHER_MAIDEN_SURNAME"
synthetic-scotland,13k,1,2,birth-death-sibling,0.4,JENSEN_SHANNON,25,1,0,23535,1,0,0.0001,72,4705592432,70,d36f4d52acd58b56950d51b99d9f1adb55529885,sif-7.cluster,"Birth.FATHER_FORENAME, Birth.FATHER_SURNAME, Birth.MOTHER_FORENAME, Birth.MOTHER_MAIDEN_SURNAME","Death.FATHER_FORENAME, Death.FATHER_SURNAME, Death.MOTHER_FORENAME, Death.MOTHER_MAIDEN_SURNAME"
synthetic-scotland,13k,2,0,birth-death-sibling,0.4,JENSEN_SHANNON,25,0,0,22145,0,0,0,78,4705592432,70,d36f4d52acd58b56950d51b99d9f1adb55529885,sif-7.cluster,"Birth.FATHER_FORENAME, Birth.FATHER_SURNAME, Birth.MOTHER_FORENAME, Birth.MOTHER_MAIDEN_SURNAME","Death.FATHER_FORENAME, Death.FATHER_SURNAME, Death.MOTHER_FORENAME, Death.MOTHER_MAIDEN_SURNAME"
synthetic-scotland,13k,2,1,birth-death-sibling,0.4,JENSEN_SHANNON,25,0,0,22145,0,0,0,87,4705592432,70,d36f4d52acd58b56950d51b99d9f1adb55529885,sif-7.cluster,"Birth.FATHER_FORENAME, Birth.FATHER_SURNAME, Birth.MOTHER_FORENAME, Birth.MOTHER_MAIDEN_SURNAME","Death.FATHER_FORENAME, Death.FATHER_SURNAME, Death.MOTHER_FORENAME, Death.MOTHER_MAIDEN_SURNAME"
synthetic-scotland,13k,2,2,birth-death-sibling,0.4,JENSEN_SHANNON,25,0,0,22145,0,0,0,102,4705592432,70,d36f4d52acd58b56950d51b99d9f1adb55529885,sif-7.cluster,"Birth.FATHER_FORENAME, Birth.FATHER_SURNAME, Birth.MOTHER_FORENAME, Birth.MOTHER_MAIDEN_SURNAME","Death.FATHER_FORENAME, Death.FATHER_SURNAME, Death.MOTHER_FORENAME, Death.MOTHER_MAIDEN_SURNAME"
synthetic-scotland,13k,3,0,birth-death-sibling,0.4,JENSEN_SHANNON,25,0,0,22581,0,0,0,118,4705592432,70,d36f4d52acd58b56950d51b99d9f1adb55529885,sif-7.cluster,"Birth.FATHER_FORENAME, Birth.FATHER_SURNAME, Birth.MOTHER_FORENAME, Birth.MOTHER_MAIDEN_SURNAME","Death.FATHER_FORENAME, Death.FATHER_SURNAME, Death.MOTHER_FORENAME, Death.MOTHER_MAIDEN_SURNAME"
synthetic-scotland,13k,3,1,birth-death-sibling,0.4,JENSEN_SHANNON,25,0,0,22581,0,0,0,128,4705592432,70,d36f4d52acd58b56950d51b99d9f1adb55529885,sif-7.cluster,"Birth.FATHER_FORENAME, Birth.FATHER_SURNAME, Birth.MOTHER_FORENAME, Birth.MOTHER_MAIDEN_SURNAME","Death.FATHER_FORENAME, Death.FATHER_SURNAME, Death.MOTHER_FORENAME, Death.MOTHER_MAIDEN_SURNAME"
synthetic-scotland,133k,3,1,sibling-birth-bundler,0.67,JENSEN_SHANNON,25,186425,5201,20917,0.9729,0.8991,0.9345,8381,4066618488,90,d36f4d52acd58b56950d51b99d9f1adb55529885,sif-2.cluster,"FATHER_FORENAME, FATHER_SURNAME, MOTHER_FORENAME, MOTHER_MAIDEN_SURNAME, PARENTS_PLACE_OF_MARRIAGE, PARENTS_DAY_OF_MARRIAGE, PARENTS_MONTH_OF_MARRIAGE, PARENTS_YEAR_OF_MARRIAGE","FATHER_FORENAME, FATHER_SURNAME, MOTHER_FORENAME, MOTHER_MAIDEN_SURNAME, PARENTS_PLACE_OF_MARRIAGE, PARENTS_DAY_OF_MARRIAGE, PARENTS_MONTH_OF_MARRIAGE, PARENTS_YEAR_OF_MARRIAGE"
synthetic-scotland,13k,4,0,birth-death-sibling,0.4,JENSEN_SHANNON,25,0,8,22031,0,0,0,49,4596807992,70,d36f4d52acd58b56950d51b99d9f1adb55529885,sif-2.cluster,"Birth.FATHER_FORENAME, Birth.FATHER_SURNAME, Birth.MOTHER_FORENAME, Birth.MOTHER_MAIDEN_SURNAME","Death.FATHER_FORENAME, Death.FATHER_SURNAME, Death.MOTHER_FORENAME, Death.MOTHER_MAIDEN_SURNAME"
synthetic-scotland,13k,3,2,birth-death-sibling,0.4,JENSEN_SHANNON,25,0,0,22581,0,0,0,148,4705592432,70,d36f4d52acd58b56950d51b99d9f1adb55529885,sif-7.cluster,"Birth.FATHER_FORENAME, Birth.FATHER_SURNAME, Birth.MOTHER_FORENAME, Birth.MOTHER_MAIDEN_SURNAME","Death.FATHER_FORENAME, Death.FATHER_SURNAME, Death.MOTHER_FORENAME, Death.MOTHER_MAIDEN_SURNAME"
synthetic-scotland,13k,4,1,birth-death-sibling,0.4,JENSEN_SHANNON,25,0,6,22031,0,0,0,62,4596807992,70,d36f4d52acd58b56950d51b99d9f1adb55529885,sif-2.cluster,"Birth.FATHER_FORENAME, Birth.FATHER_SURNAME, Birth.MOTHER_FORENAME, Birth.MOTHER_MAIDEN_SURNAME","Death.FATHER_FORENAME, Death.FATHER_SURNAME, Death.MOTHER_FORENAME, Death.MOTHER_MAIDEN_SURNAME"
synthetic-scotland,13k,5,0,birth-death-sibling,0.4,JENSEN_SHANNON,25,1,0,22666,1,0,0.0001,77,4596807992,70,d36f4d52acd58b56950d51b99d9f1adb55529885,sif-2.cluster,"Birth.FATHER_FORENAME, Birth.FATHER_SURNAME, Birth.MOTHER_FORENAME, Birth.MOTHER_MAIDEN_SURNAME","Death.FATHER_FORENAME, Death.FATHER_SURNAME, Death.MOTHER_FORENAME, Death.MOTHER_MAIDEN_SURNAME"
synthetic-scotland,13k,4,2,birth-death-sibling,0.4,JENSEN_SHANNON,25,0,5,22031,0,0,0,145,4705592432,70,d36f4d52acd58b56950d51b99d9f1adb55529885,sif-7.cluster,"Birth.FATHER_FORENAME, Birth.FATHER_SURNAME, Birth.MOTHER_FORENAME, Birth.MOTHER_MAIDEN_SURNAME","Death.FATHER_FORENAME, Death.FATHER_SURNAME, Death.MOTHER_FORENAME, Death.MOTHER_MAIDEN_SURNAME"
synthetic-scotland,13k,5,1,birth-death-sibling,0.4,JENSEN_SHANNON,25,1,0,22666,1,0,0.0001,82,4596807992,70,d36f4d52acd58b56950d51b99d9f1adb55529885,sif-2.cluster,"Birth.FATHER_FORENAME, Birth.FATHER_SURNAME, Birth.MOTHER_FORENAME, Birth.MOTHER_MAIDEN_SURNAME","Death.FATHER_FORENAME, Death.FATHER_SURNAME, Death.MOTHER_FORENAME, Death.MOTHER_MAIDEN_SURNAME"
synthetic-scotland,13k,5,2,birth-death-sibling,0.4,JENSEN_SHANNON,25,0,0,22667,0,0,0,166,4724560560,70,d36f4d52acd58b56950d51b99d9f1adb55529885,sif-7.cluster,"Birth.FATHER_FORENAME, Birth.FATHER_SURNAME, Birth.MOTHER_FORENAME, Birth.MOTHER_MAIDEN_SURNAME","Death.FATHER_FORENAME, Death.FATHER_SURNAME, Death.MOTHER_FORENAME, Death.MOTHER_MAIDEN_SURNAME"
synthetic-scotland,133k,4,0,sibling-birth-bundler,0.67,JENSEN_SHANNON,25,206826,4549,365,0.9785,0.9982,0.9883,9800,3971354904,90,d36f4d52acd58b56950d51b99d9f1adb55529885,hogun-7.cluster,"FATHER_FORENAME, FATHER_SURNAME, MOTHER_FORENAME, MOTHER_MAIDEN_SURNAME, PARENTS_PLACE_OF_MARRIAGE, PARENTS_DAY_OF_MARRIAGE, PARENTS_MONTH_OF_MARRIAGE, PARENTS_YEAR_OF_MARRIAGE","FATHER_FORENAME, FATHER_SURNAME, MOTHER_FORENAME, MOTHER_MAIDEN_SURNAME, PARENTS_PLACE_OF_MARRIAGE, PARENTS_DAY_OF_MARRIAGE, PARENTS_MONTH_OF_MARRIAGE, PARENTS_YEAR_OF_MARRIAGE"
synthetic-scotland,133k,3,2,sibling-birth-bundler,0.67,JENSEN_SHANNON,25,166793,4363,40549,0.9745,0.8044,0.8813,10327,3811605424,90,d36f4d52acd58b56950d51b99d9f1adb55529885,hogun-3.cluster,"FATHER_FORENAME, FATHER_SURNAME, MOTHER_FORENAME, MOTHER_MAIDEN_SURNAME, PARENTS_PLACE_OF_MARRIAGE, PARENTS_DAY_OF_MARRIAGE, PARENTS_MONTH_OF_MARRIAGE, PARENTS_YEAR_OF_MARRIAGE","FATHER_FORENAME, FATHER_SURNAME, MOTHER_FORENAME, MOTHER_MAIDEN_SURNAME, PARENTS_PLACE_OF_MARRIAGE, PARENTS_DAY_OF_MARRIAGE, PARENTS_MONTH_OF_MARRIAGE, PARENTS_YEAR_OF_MARRIAGE"
synthetic-scotland,133k,4,1,sibling-birth-bundler,0.67,JENSEN_SHANNON,25,186049,3894,21142,0.9795,0.898,0.937,10425,4399947904,90,d36f4d52acd58b56950d51b99d9f1adb55529885,hogun-5.cluster,"FATHER_FORENAME, FATHER_SURNAME, MOTHER_FORENAME, MOTHER_MAIDEN_SURNAME, PARENTS_PLACE_OF_MARRIAGE, PARENTS_DAY_OF_MARRIAGE, PARENTS_MONTH_OF_MARRIAGE, PARENTS_YEAR_OF_MARRIAGE","FATHER_FORENAME, FATHER_SURNAME, MOTHER_FORENAME, MOTHER_MAIDEN_SURNAME, PARENTS_PLACE_OF_MARRIAGE, PARENTS_DAY_OF_MARRIAGE, PARENTS_MONTH_OF_MARRIAGE, PARENTS_YEAR_OF_MARRIAGE"
synthetic-scotland,133k,5,2,sibling-birth-bundler,0.67,JENSEN_SHANNON,25,164948,3919,40459,0.9768,0.803,0.8814,8748,3765713392,90,d36f4d52acd58b56950d51b99d9f1adb55529885,sif-9.cluster,"FATHER_FORENAME, FATHER_SURNAME, MOTHER_FORENAME, MOTHER_MAIDEN_SURNAME, PARENTS_PLACE_OF_MARRIAGE, PARENTS_DAY_OF_MARRIAGE, PARENTS_MONTH_OF_MARRIAGE, PARENTS_YEAR_OF_MARRIAGE","FATHER_FORENAME, FATHER_SURNAME, MOTHER_FORENAME, MOTHER_MAIDEN_SURNAME, PARENTS_PLACE_OF_MARRIAGE, PARENTS_DAY_OF_MARRIAGE, PARENTS_MONTH_OF_MARRIAGE, PARENTS_YEAR_OF_MARRIAGE"
synthetic-scotland,133k,4,2,sibling-birth-bundler,0.67,JENSEN_SHANNON,25,165633,3355,41558,0.9801,0.7994,0.8806,10608,3838253072,90,d36f4d52acd58b56950d51b99d9f1adb55529885,hogun-2.cluster,"FATHER_FORENAME, FATHER_SURNAME, MOTHER_FORENAME, MOTHER_MAIDEN_SURNAME, PARENTS_PLACE_OF_MARRIAGE, PARENTS_DAY_OF_MARRIAGE, PARENTS_MONTH_OF_MARRIAGE, PARENTS_YEAR_OF_MARRIAGE","FATHER_FORENAME, FATHER_SURNAME, MOTHER_FORENAME, MOTHER_MAIDEN_SURNAME, PARENTS_PLACE_OF_MARRIAGE, PARENTS_DAY_OF_MARRIAGE, PARENTS_MONTH_OF_MARRIAGE, PARENTS_YEAR_OF_MARRIAGE"
synthetic-scotland,133k,5,0,sibling-birth-bundler,0.67,JENSEN_SHANNON,25,204977,5433,430,0.9742,0.9979,0.9859,10541,4541037208,90,d36f4d52acd58b56950d51b99d9f1adb55529885,hogun-6.cluster,"FATHER_FORENAME, FATHER_SURNAME, MOTHER_FORENAME, MOTHER_MAIDEN_SURNAME, PARENTS_PLACE_OF_MARRIAGE, PARENTS_DAY_OF_MARRIAGE, PARENTS_MONTH_OF_MARRIAGE, PARENTS_YEAR_OF_MARRIAGE","FATHER_FORENAME, FATHER_SURNAME, MOTHER_FORENAME, MOTHER_MAIDEN_SURNAME, PARENTS_PLACE_OF_MARRIAGE, PARENTS_DAY_OF_MARRIAGE, PARENTS_MONTH_OF_MARRIAGE, PARENTS_YEAR_OF_MARRIAGE"
synthetic-scotland,133k,5,1,sibling-birth-bundler,0.67,JENSEN_SHANNON,25,184402,4542,21005,0.976,0.8977,0.9352,10670,4358687704,90,d36f4d52acd58b56950d51b99d9f1adb55529885,hogun-10.cluster,"FATHER_FORENAME, FATHER_SURNAME, MOTHER_FORENAME, MOTHER_MAIDEN_SURNAME, PARENTS_PLACE_OF_MARRIAGE, PARENTS_DAY_OF_MARRIAGE, PARENTS_MONTH_OF_MARRIAGE, PARENTS_YEAR_OF_MARRIAGE","FATHER_FORENAME, FATHER_SURNAME, MOTHER_FORENAME, MOTHER_MAIDEN_SURNAME, PARENTS_PLACE_OF_MARRIAGE, PARENTS_DAY_OF_MARRIAGE, PARENTS_MONTH_OF_MARRIAGE, PARENTS_YEAR_OF_MARRIAGE"
synthetic-scotland,133k,1,2,sibling-birth-bundler,0.67,JENSEN_SHANNON,25,165222,3651,40208,0.9784,0.8043,0.8828,14981,4531589360,90,d36f4d52acd58b56950d51b99d9f1adb55529885,hogun-9.cluster,"FATHER_FORENAME, FATHER_SURNAME, MOTHER_FORENAME, MOTHER_MAIDEN_SURNAME, PARENTS_PLACE_OF_MARRIAGE, PARENTS_DAY_OF_MARRIAGE, PARENTS_MONTH_OF_MARRIAGE, PARENTS_YEAR_OF_MARRIAGE","FATHER_FORENAME, FATHER_SURNAME, MOTHER_FORENAME, MOTHER_MAIDEN_SURNAME, PARENTS_PLACE_OF_MARRIAGE, PARENTS_DAY_OF_MARRIAGE, PARENTS_MONTH_OF_MARRIAGE, PARENTS_YEAR_OF_MARRIAGE"
synthetic-scotland,133k,3,0,sibling-birth-bundler,0.67,JENSEN_SHANNON,25,206972,5920,370,0.9722,0.9982,0.985,14682,4069628224,90,d36f4d52acd58b56950d51b99d9f1adb55529885,sif-8.cluster,"FATHER_FORENAME, FATHER_SURNAME, MOTHER_FORENAME, MOTHER_MAIDEN_SURNAME, PARENTS_PLACE_OF_MARRIAGE, PARENTS_DAY_OF_MARRIAGE, PARENTS_MONTH_OF_MARRIAGE, PARENTS_YEAR_OF_MARRIAGE","FATHER_FORENAME, FATHER_SURNAME, MOTHER_FORENAME, MOTHER_MAIDEN_SURNAME, PARENTS_PLACE_OF_MARRIAGE, PARENTS_DAY_OF_MARRIAGE, PARENTS_MONTH_OF_MARRIAGE, PARENTS_YEAR_OF_MARRIAGE"
synthetic-scotland,133k,2,0,sibling-birth-bundler,0.67,JENSEN_SHANNON,25,205808,5449,377,0.9742,0.9982,0.986,16439,4596172016,90,d36f4d52acd58b56950d51b99d9f1adb55529885,hogun-11.cluster,"FATHER_FORENAME, FATHER_SURNAME, MOTHER_FORENAME, MOTHER_MAIDEN_SURNAME, PARENTS_PLACE_OF_MARRIAGE, PARENTS_DAY_OF_MARRIAGE, PARENTS_MONTH_OF_MARRIAGE, PARENTS_YEAR_OF_MARRIAGE","FATHER_FORENAME, FATHER_SURNAME, MOTHER_FORENAME, MOTHER_MAIDEN_SURNAME, PARENTS_PLACE_OF_MARRIAGE, PARENTS_DAY_OF_MARRIAGE, PARENTS_MONTH_OF_MARRIAGE, PARENTS_YEAR_OF_MARRIAGE"
synthetic-scotland,133k,2,1,sibling-birth-bundler,0.67,JENSEN_SHANNON,25,185264,4591,20921,0.9758,0.8985,0.9356,17598,4567737944,90,d36f4d52acd58b56950d51b99d9f1adb55529885,hogun-1.cluster,"FATHER_FORENAME, FATHER_SURNAME, MOTHER_FORENAME, MOTHER_MAIDEN_SURNAME, PARENTS_PLACE_OF_MARRIAGE, PARENTS_DAY_OF_MARRIAGE, PARENTS_MONTH_OF_MARRIAGE, PARENTS_YEAR_OF_MARRIAGE","FATHER_FORENAME, FATHER_SURNAME, MOTHER_FORENAME, MOTHER_MAIDEN_SURNAME, PARENTS_PLACE_OF_MARRIAGE, PARENTS_DAY_OF_MARRIAGE, PARENTS_MONTH_OF_MARRIAGE, PARENTS_YEAR_OF_MARRIAGE"
synthetic-scotland,133k,1,1,sibling-birth-bundler,0.67,JENSEN_SHANNON,25,184639,4256,20791,0.9775,0.8988,0.9365,18320,4279314952,90,d36f4d52acd58b56950d51b99d9f1adb55529885,hogun-4.cluster,"FATHER_FORENAME, FATHER_SURNAME, MOTHER_FORENAME, MOTHER_MAIDEN_SURNAME, PARENTS_PLACE_OF_MARRIAGE, PARENTS_DAY_OF_MARRIAGE, PARENTS_MONTH_OF_MARRIAGE, PARENTS_YEAR_OF_MARRIAGE","FATHER_FORENAME, FATHER_SURNAME, MOTHER_FORENAME, MOTHER_MAIDEN_SURNAME, PARENTS_PLACE_OF_MARRIAGE, PARENTS_DAY_OF_MARRIAGE, PARENTS_MONTH_OF_MARRIAGE, PARENTS_YEAR_OF_MARRIAGE"
synthetic-scotland,133k,2,0,birth-death-sibling,0.4,JENSEN_SHANNON,25,3,85,226497,0.0341,0,0,3395,3811605424,90,d36f4d52acd58b56950d51b99d9f1adb55529885,hogun-3.cluster,"Birth.FATHER_FORENAME, Birth.FATHER_SURNAME, Birth.MOTHER_FORENAME, Birth.MOTHER_MAIDEN_SURNAME","Death.FATHER_FORENAME, Death.FATHER_SURNAME, Death.MOTHER_FORENAME, Death.MOTHER_MAIDEN_SURNAME"
synthetic-scotland,133k,2,2,birth-death-sibling,0.4,JENSEN_SHANNON,25,2,67,226498,0.029,0,0,3993,3765713392,90,d36f4d52acd58b56950d51b99d9f1adb55529885,sif-9.cluster,"Birth.FATHER_FORENAME, Birth.FATHER_SURNAME, Birth.MOTHER_FORENAME, Birth.MOTHER_MAIDEN_SURNAME","Death.FATHER_FORENAME, Death.FATHER_SURNAME, Death.MOTHER_FORENAME, Death.MOTHER_MAIDEN_SURNAME"
synthetic-scotland,133k,1,0,sibling-birth-bundler,0.67,JENSEN_SHANNON,25,205035,4920,395,0.9766,0.9981,0.9872,23896,4182455824,90,d36f4d52acd58b56950d51b99d9f1adb55529885,sif-1.cluster,"FATHER_FORENAME, FATHER_SURNAME, MOTHER_FORENAME, MOTHER_MAIDEN_SURNAME, PARENTS_PLACE_OF_MARRIAGE, PARENTS_DAY_OF_MARRIAGE, PARENTS_MONTH_OF_MARRIAGE, PARENTS_YEAR_OF_MARRIAGE","FATHER_FORENAME, FATHER_SURNAME, MOTHER_FORENAME, MOTHER_MAIDEN_SURNAME, PARENTS_PLACE_OF_MARRIAGE, PARENTS_DAY_OF_MARRIAGE, PARENTS_MONTH_OF_MARRIAGE, PARENTS_YEAR_OF_MARRIAGE"
synthetic-scotland,133k,1,2,birth-death-sibling,0.4,JENSEN_SHANNON,25,7,108,226005,0.0609,0,0.0001,4481,3971354904,90,d36f4d52acd58b56950d51b99d9f1adb55529885,hogun-7.cluster,"Birth.FATHER_FORENAME, Birth.FATHER_SURNAME, Birth.MOTHER_FORENAME, Birth.MOTHER_MAIDEN_SURNAME","Death.FATHER_FORENAME, Death.FATHER_SURNAME, Death.MOTHER_FORENAME, Death.MOTHER_MAIDEN_SURNAME"
synthetic-scotland,133k,2,1,birth-death-sibling,0.4,JENSEN_SHANNON,25,3,76,226497,0.038,0,0,4394,4399947904,90,d36f4d52acd58b56950d51b99d9f1adb55529885,hogun-5.cluster,"Birth.FATHER_FORENAME, Birth.FATHER_SURNAME, Birth.MOTHER_FORENAME, Birth.MOTHER_MAIDEN_SURNAME","Death.FATHER_FORENAME, Death.FATHER_SURNAME, Death.MOTHER_FORENAME, Death.MOTHER_MAIDEN_SURNAME"
synthetic-scotland,133k,3,0,birth-death-sibling,0.4,JENSEN_SHANNON,25,4,113,229135,0.0342,0,0,4558,3838253072,90,d36f4d52acd58b56950d51b99d9f1adb55529885,hogun-2.cluster,"Birth.FATHER_FORENAME, Birth.FATHER_SURNAME, Birth.MOTHER_FORENAME, Birth.MOTHER_MAIDEN_SURNAME","Death.FATHER_FORENAME, Death.FATHER_SURNAME, Death.MOTHER_FORENAME, Death.MOTHER_MAIDEN_SURNAME"
synthetic-scotland,133k,3,1,birth-death-sibling,0.4,JENSEN_SHANNON,25,4,104,229135,0.037,0,0,4479,4541037208,90,d36f4d52acd58b56950d51b99d9f1adb55529885,hogun-6.cluster,"Birth.FATHER_FORENAME, Birth.FATHER_SURNAME, Birth.MOTHER_FORENAME, Birth.MOTHER_MAIDEN_SURNAME","Death.FATHER_FORENAME, Death.FATHER_SURNAME, Death.MOTHER_FORENAME, Death.MOTHER_MAIDEN_SURNAME"
synthetic-scotland,133k,4,1,birth-death-sibling,0.4,JENSEN_SHANNON,25,4,160,228336,0.0244,0,0,4794,4069628224,90,d36f4d52acd58b56950d51b99d9f1adb55529885,sif-8.cluster,"Birth.FATHER_FORENAME, Birth.FATHER_SURNAME, Birth.MOTHER_FORENAME, Birth.MOTHER_MAIDEN_SURNAME","Death.FATHER_FORENAME, Death.FATHER_SURNAME, Death.MOTHER_FORENAME, Death.MOTHER_MAIDEN_SURNAME"
synthetic-scotland,133k,3,2,birth-death-sibling,0.4,JENSEN_SHANNON,25,3,90,229136,0.0323,0,0,4745,4358687704,90,d36f4d52acd58b56950d51b99d9f1adb55529885,hogun-10.cluster,"Birth.FATHER_FORENAME, Birth.FATHER_SURNAME, Birth.MOTHER_FORENAME, Birth.MOTHER_MAIDEN_SURNAME","Death.FATHER_FORENAME, Death.FATHER_SURNAME, Death.MOTHER_FORENAME, Death.MOTHER_MAIDEN_SURNAME"
synthetic-scotland,133k,4,0,birth-death-sibling,0.4,JENSEN_SHANNON,25,4,176,228336,0.0222,0,0,5567,4570871664,90,d36f4d52acd58b56950d51b99d9f1adb55529885,hogun-9.cluster,"Birth.FATHER_FORENAME, Birth.FATHER_SURNAME, Birth.MOTHER_FORENAME, Birth.MOTHER_MAIDEN_SURNAME","Death.FATHER_FORENAME, Death.FATHER_SURNAME, Death.MOTHER_FORENAME, Death.MOTHER_MAIDEN_SURNAME"
synthetic-scotland,133k,1,0,birth-death-sibling,0.4,JENSEN_SHANNON,25,8,128,226004,0.0588,0,0.0001,6381,4596807992,90,d36f4d52acd58b56950d51b99d9f1adb55529885,sif-2.cluster,"Birth.FATHER_FORENAME, Birth.FATHER_SURNAME, Birth.MOTHER_FORENAME, Birth.MOTHER_MAIDEN_SURNAME","Death.FATHER_FORENAME, Death.FATHER_SURNAME, Death.MOTHER_FORENAME, Death.MOTHER_MAIDEN_SURNAME"
synthetic-scotland,133k,5,2,birth-death-sibling,0.4,JENSEN_SHANNON,25,3,55,226505,0.0517,0,0,4496,4384617192,90,d36f4d52acd58b56950d51b99d9f1adb55529885,hogun-3.cluster,"Birth.FATHER_FORENAME, Birth.FATHER_SURNAME, Birth.MOTHER_FORENAME, Birth.MOTHER_MAIDEN_SURNAME","Death.FATHER_FORENAME, Death.FATHER_SURNAME, Death.MOTHER_FORENAME, Death.MOTHER_MAIDEN_SURNAME"
synthetic-scotland,133k,5,0,birth-death-sibling,0.4,JENSEN_SHANNON,25,3,80,226505,0.0361,0,0,6200,4567737944,90,d36f4d52acd58b56950d51b99d9f1adb55529885,hogun-1.cluster,"Birth.FATHER_FORENAME, Birth.FATHER_SURNAME, Birth.MOTHER_FORENAME, Birth.MOTHER_MAIDEN_SURNAME","Death.FATHER_FORENAME, Death.FATHER_SURNAME, Death.MOTHER_FORENAME, Death.MOTHER_MAIDEN_SURNAME"
synthetic-scotland,133k,4,2,birth-death-sibling,0.4,JENSEN_SHANNON,25,4,112,228336,0.0345,0,0,6326,4596172016,90,d36f4d52acd58b56950d51b99d9f1adb55529885,hogun-11.cluster,"Birth.FATHER_FORENAME, Birth.FATHER_SURNAME, Birth.MOTHER_FORENAME, Birth.MOTHER_MAIDEN_SURNAME","Death.FATHER_FORENAME, Death.FATHER_SURNAME, Death.MOTHER_FORENAME, Death.MOTHER_MAIDEN_SURNAME"
synthetic-scotland,133k,5,1,birth-death-sibling,0.4,JENSEN_SHANNON,25,3,68,226505,0.0423,0,0,7161,4279314952,90,d36f4d52acd58b56950d51b99d9f1adb55529885,hogun-4.cluster,"Birth.FATHER_FORENAME, Birth.FATHER_SURNAME, Birth.MOTHER_FORENAME, Birth.MOTHER_MAIDEN_SURNAME","Death.FATHER_FORENAME, Death.FATHER_SURNAME, Death.MOTHER_FORENAME, Death.MOTHER_MAIDEN_SURNAME"
synthetic-scotland,133k,2,0,birth-death-sibling,0.9,JENSEN_SHANNON,40,226500,-1411474335,0,-0.0002,1,-0.0003,29284,4225083952,90,d36f4d52acd58b56950d51b99d9f1adb55529885,hogun-8.cluster,"Birth.FATHER_FORENAME, Birth.FATHER_SURNAME, Birth.MOTHER_FORENAME, Birth.MOTHER_MAIDEN_SURNAME","Death.FATHER_FORENAME, Death.FATHER_SURNAME, Death.MOTHER_FORENAME, Death.MOTHER_MAIDEN_SURNAME"
synthetic-scotland,133k,5,1,birth-death-sibling,0.5,JENSEN_SHANNON,25,190419,14333,36089,0.93,0.8407,0.8831,1157,1576848296,90,d36f4d52acd58b56950d51b99d9f1adb55529885,hogun-4.cluster,"Birth.FATHER_FORENAME, Birth.FATHER_SURNAME, Birth.MOTHER_FORENAME, Birth.MOTHER_MAIDEN_SURNAME","Death.FATHER_FORENAME, Death.FATHER_SURNAME, Death.MOTHER_FORENAME, Death.MOTHER_MAIDEN_SURNAME"
synthetic-scotland,133k,5,1,birth-death-sibling,0.6,JENSEN_SHANNON,25,196759,42559,29749,0.8222,0.8687,0.8448,1827,3748396280,90,d36f4d52acd58b56950d51b99d9f1adb55529885,hogun-5.cluster,"Birth.FATHER_FORENAME, Birth.FATHER_SURNAME, Birth.MOTHER_FORENAME, Birth.MOTHER_MAIDEN_SURNAME","Death.FATHER_FORENAME, Death.FATHER_SURNAME, Death.MOTHER_FORENAME, Death.MOTHER_MAIDEN_SURNAME"
synthetic-scotland,133k,5,1,birth-death-sibling,0.7,JENSEN_SHANNON,25,206665,6521494,19843,0.0307,0.9124,0.0594,1868,1789762640,90,d36f4d52acd58b56950d51b99d9f1adb55529885,hogun-2.cluster,"Birth.FATHER_FORENAME, Birth.FATHER_SURNAME, Birth.MOTHER_FORENAME, Birth.MOTHER_MAIDEN_SURNAME","Death.FATHER_FORENAME, Death.FATHER_SURNAME, Death.MOTHER_FORENAME, Death.MOTHER_MAIDEN_SURNAME"
synthetic-scotland,133k,5,2,birth-death-sibling,0.6,JENSEN_SHANNON,25,169905,36769,56603,0.8221,0.7501,0.7845,2120,1051638680,90,d36f4d52acd58b56950d51b99d9f1adb55529885,sif-9.cluster,"Birth.FATHER_FORENAME, Birth.FATHER_SURNAME, Birth.MOTHER_FORENAME, Birth.MOTHER_MAIDEN_SURNAME","Death.FATHER_FORENAME, Death.FATHER_SURNAME, Death.MOTHER_FORENAME, Death.MOTHER_MAIDEN_SURNAME"
synthetic-scotland,133k,5,2,birth-death-sibling,0.5,JENSEN_SHANNON,25,158650,12043,67858,0.9294,0.7004,0.7988,2474,4145035752,90,d36f4d52acd58b56950d51b99d9f1adb55529885,sif-8.cluster,"Birth.FATHER_FORENAME, Birth.FATHER_SURNAME, Birth.MOTHER_FORENAME, Birth.MOTHER_MAIDEN_SURNAME","Death.FATHER_FORENAME, Death.FATHER_SURNAME, Death.MOTHER_FORENAME, Death.MOTHER_MAIDEN_SURNAME"
synthetic-scotland,133k,5,2,birth-death-sibling,0.7,JENSEN_SHANNON,25,189071,5731578,37437,0.0319,0.8347,0.0615,1837,3367783832,90,d36f4d52acd58b56950d51b99d9f1adb55529885,hogun-4.cluster,"Birth.FATHER_FORENAME, Birth.FATHER_SURNAME, Birth.MOTHER_FORENAME, Birth.MOTHER_MAIDEN_SURNAME","Death.FATHER_FORENAME, Death.FATHER_SURNAME, Death.MOTHER_FORENAME, Death.MOTHER_MAIDEN_SURNAME"
synthetic-scotland,133k,4,1,birth-death-sibling,0.6,JENSEN_SHANNON,25,198673,46173,29667,0.8114,0.8701,0.8397,2214,4433998048,90,d36f4d52acd58b56950d51b99d9f1adb55529885,sif-8.cluster,"Birth.FATHER_FORENAME, Birth.FATHER_SURNAME, Birth.MOTHER_FORENAME, Birth.MOTHER_MAIDEN_SURNAME","Death.FATHER_FORENAME, Death.FATHER_SURNAME, Death.MOTHER_FORENAME, Death.MOTHER_MAIDEN_SURNAME"
synthetic-scotland,133k,4,1,birth-death-sibling,0.5,JENSEN_SHANNON,25,192290,12605,36050,0.9385,0.8421,0.8877,2785,4136037784,90,d36f4d52acd58b56950d51b99d9f1adb55529885,sif-9.cluster,"Birth.FATHER_FORENAME, Birth.FATHER_SURNAME, Birth.MOTHER_FORENAME, Birth.MOTHER_MAIDEN_SURNAME","Death.FATHER_FORENAME, Death.FATHER_SURNAME, Death.MOTHER_FORENAME, Death.MOTHER_MAIDEN_SURNAME"
synthetic-scotland,133k,4,1,birth-death-sibling,0.7,JENSEN_SHANNON,25,208457,6652656,19883,0.0304,0.9129,0.0588,2609,4631256832,90,d36f4d52acd58b56950d51b99d9f1adb55529885,hogun-4.cluster,"Birth.FATHER_FORENAME, Birth.FATHER_SURNAME, Birth.MOTHER_FORENAME, Birth.MOTHER_MAIDEN_SURNAME","Death.FATHER_FORENAME, Death.FATHER_SURNAME, Death.MOTHER_FORENAME, Death.MOTHER_MAIDEN_SURNAME"
synthetic-scotland,133k,5,1,birth-death-sibling,0.9,JENSEN_SHANNON,25,216656,1756245101,9852,0.0001,0.9565,0.0002,7873,4055034184,90,d36f4d52acd58b56950d51b99d9f1adb55529885,sif-1.cluster,"Birth.FATHER_FORENAME, Birth.FATHER_SURNAME, Birth.MOTHER_FORENAME, Birth.MOTHER_MAIDEN_SURNAME","Death.FATHER_FORENAME, Death.FATHER_SURNAME, Death.MOTHER_FORENAME, Death.MOTHER_MAIDEN_SURNAME"
synthetic-scotland,133k,5,1,birth-death-sibling,0.8,JENSEN_SHANNON,25,216656,1756245101,9852,0.0001,0.9565,0.0002,8083,1851232232,90,d36f4d52acd58b56950d51b99d9f1adb55529885,sif-2.cluster,"Birth.FATHER_FORENAME, Birth.FATHER_SURNAME, Birth.MOTHER_FORENAME, Birth.MOTHER_MAIDEN_SURNAME","Death.FATHER_FORENAME, Death.FATHER_SURNAME, Death.MOTHER_FORENAME, Death.MOTHER_MAIDEN_SURNAME"
synthetic-scotland,133k,1,1,birth-death-sibling,0.4,JENSEN_SHANNON,25,7,113,226005,0.0583,0,0.0001,9928,4724560560,90,d36f4d52acd58b56950d51b99d9f1adb55529885,sif-7.cluster,"Birth.FATHER_FORENAME, Birth.FATHER_SURNAME, Birth.MOTHER_FORENAME, Birth.MOTHER_MAIDEN_SURNAME","Death.FATHER_FORENAME, Death.FATHER_SURNAME, Death.MOTHER_FORENAME, Death.MOTHER_MAIDEN_SURNAME"
synthetic-scotland,133k,4,2,birth-death-sibling,0.5,JENSEN_SHANNON,25,159573,10748,68767,0.9369,0.6988,0.8005,3514,4861561768,90,d36f4d52acd58b56950d51b99d9f1adb55529885,hogun-4.cluster,"Birth.FATHER_FORENAME, Birth.FATHER_SURNAME, Birth.MOTHER_FORENAME, Birth.MOTHER_MAIDEN_SURNAME","Death.FATHER_FORENAME, Death.FATHER_SURNAME, Death.MOTHER_FORENAME, Death.MOTHER_MAIDEN_SURNAME"
synthetic-scotland,133k,4,2,birth-death-sibling,0.7,JENSEN_SHANNON,25,189976,5851368,38364,0.0314,0.832,0.0606,2010,4354115648,90,d36f4d52acd58b56950d51b99d9f1adb55529885,sif-2.cluster,"Birth.FATHER_FORENAME, Birth.FATHER_SURNAME, Birth.MOTHER_FORENAME, Birth.MOTHER_MAIDEN_SURNAME","Death.FATHER_FORENAME, Death.FATHER_SURNAME, Death.MOTHER_FORENAME, Death.MOTHER_MAIDEN_SURNAME"
synthetic-scotland,133k,4,2,birth-death-sibling,0.6,JENSEN_SHANNON,25,171181,40820,57159,0.8075,0.7497,0.7775,2566,4055034184,90,d36f4d52acd58b56950d51b99d9f1adb55529885,sif-1.cluster,"Birth.FATHER_FORENAME, Birth.FATHER_SURNAME, Birth.MOTHER_FORENAME, Birth.MOTHER_MAIDEN_SURNAME","Death.FATHER_FORENAME, Death.FATHER_SURNAME, Death.MOTHER_FORENAME, Death.MOTHER_MAIDEN_SURNAME"
synthetic-scotland,133k,3,1,birth-death-sibling,0.5,JENSEN_SHANNON,25,192992,12829,36147,0.9377,0.8422,0.8874,1904,4354115648,90,d36f4d52acd58b56950d51b99d9f1adb55529885,sif-2.cluster,"Birth.FATHER_FORENAME, Birth.FATHER_SURNAME, Birth.MOTHER_FORENAME, Birth.MOTHER_MAIDEN_SURNAME","Death.FATHER_FORENAME, Death.FATHER_SURNAME, Death.MOTHER_FORENAME, Death.MOTHER_MAIDEN_SURNAME"
synthetic-scotland,133k,4,1,birth-death-sibling,0.8,JENSEN_SHANNON,25,218666,1821440590,9674,0.0001,0.9576,0.0002,8502,4433998048,90,d36f4d52acd58b56950d51b99d9f1adb55529885,sif-8.cluster,"Birth.FATHER_FORENAME, Birth.FATHER_SURNAME, Birth.MOTHER_FORENAME, Birth.MOTHER_MAIDEN_SURNAME","Death.FATHER_FORENAME, Death.FATHER_SURNAME, Death.MOTHER_FORENAME, Death.MOTHER_MAIDEN_SURNAME"
synthetic-scotland,133k,3,1,birth-death-sibling,0.7,JENSEN_SHANNON,25,209377,6619861,19762,0.0307,0.9138,0.0593,1899,4501314472,90,d36f4d52acd58b56950d51b99d9f1adb55529885,sif-2.cluster,"Birth.FATHER_FORENAME, Birth.FATHER_SURNAME, Birth.MOTHER_FORENAME, Birth.MOTHER_MAIDEN_SURNAME","Death.FATHER_FORENAME, Death.FATHER_SURNAME, Death.MOTHER_FORENAME, Death.MOTHER_MAIDEN_SURNAME"
synthetic-scotland,133k,3,1,birth-death-sibling,0.6,JENSEN_SHANNON,25,198864,42703,30275,0.8232,0.8679,0.845,3502,4744977096,90,d36f4d52acd58b56950d51b99d9f1adb55529885,sif-1.cluster,"Birth.FATHER_FORENAME, Birth.FATHER_SURNAME, Birth.MOTHER_FORENAME, Birth.MOTHER_MAIDEN_SURNAME","Death.FATHER_FORENAME, Death.FATHER_SURNAME, Death.MOTHER_FORENAME, Death.MOTHER_MAIDEN_SURNAME"
synthetic-scotland,133k,5,2,birth-death-sibling,0.9,JENSEN_SHANNON,25,207820,1683219068,18688,0.0001,0.9175,0.0002,12450,4212854440,90,d36f4d52acd58b56950d51b99d9f1adb55529885,hogun-2.cluster,"Birth.FATHER_FORENAME, Birth.FATHER_SURNAME, Birth.MOTHER_FORENAME, Birth.MOTHER_MAIDEN_SURNAME","Death.FATHER_FORENAME, Death.FATHER_SURNAME, Death.MOTHER_FORENAME, Death.MOTHER_MAIDEN_SURNAME"
synthetic-scotland,133k,5,2,birth-death-sibling,0.8,JENSEN_SHANNON,25,207820,1683219068,18688,0.0001,0.9175,0.0002,12699,4512655360,90,d36f4d52acd58b56950d51b99d9f1adb55529885,hogun-5.cluster,"Birth.FATHER_FORENAME, Birth.FATHER_SURNAME, Birth.MOTHER_FORENAME, Birth.MOTHER_MAIDEN_SURNAME","Death.FATHER_FORENAME, Death.FATHER_SURNAME, Death.MOTHER_FORENAME, Death.MOTHER_MAIDEN_SURNAME"
synthetic-scotland,133k,4,1,birth-death-sibling,0.9,JENSEN_SHANNON,25,218666,1821440590,9674,0.0001,0.9576,0.0002,12365,4543316416,90,d36f4d52acd58b56950d51b99d9f1adb55529885,sif-9.cluster,"Birth.FATHER_FORENAME, Birth.FATHER_SURNAME, Birth.MOTHER_FORENAME, Birth.MOTHER_MAIDEN_SURNAME","Death.FATHER_FORENAME, Death.FATHER_SURNAME, Death.MOTHER_FORENAME, Death.MOTHER_MAIDEN_SURNAME"
synthetic-scotland,133k,3,2,birth-death-sibling,0.6,JENSEN_SHANNON,25,171393,36910,57746,0.8228,0.748,0.7836,3628,4212854440,90,d36f4d52acd58b56950d51b99d9f1adb55529885,hogun-2.cluster,"Birth.FATHER_FORENAME, Birth.FATHER_SURNAME, Birth.MOTHER_FORENAME, Birth.MOTHER_MAIDEN_SURNAME","Death.FATHER_FORENAME, Death.FATHER_SURNAME, Death.MOTHER_FORENAME, Death.MOTHER_MAIDEN_SURNAME"
synthetic-scotland,133k,3,2,birth-death-sibling,0.7,JENSEN_SHANNON,25,190757,5787212,38382,0.0319,0.8325,0.0615,3734,4512655360,90,d36f4d52acd58b56950d51b99d9f1adb55529885,hogun-5.cluster,"Birth.FATHER_FORENAME, Birth.FATHER_SURNAME, Birth.MOTHER_FORENAME, Birth.MOTHER_MAIDEN_SURNAME","Death.FATHER_FORENAME, Death.FATHER_SURNAME, Death.MOTHER_FORENAME, Death.MOTHER_MAIDEN_SURNAME"
synthetic-scotland,133k,3,2,birth-death-sibling,0.5,JENSEN_SHANNON,25,159910,10955,69229,0.9359,0.6979,0.7995,4522,4744977096,90,d36f4d52acd58b56950d51b99d9f1adb55529885,sif-1.cluster,"Birth.FATHER_FORENAME, Birth.FATHER_SURNAME, Birth.MOTHER_FORENAME, Birth.MOTHER_MAIDEN_SURNAME","Death.FATHER_FORENAME, Death.FATHER_SURNAME, Death.MOTHER_FORENAME, Death.MOTHER_MAIDEN_SURNAME"
synthetic-scotland,133k,2,1,birth-death-sibling,0.5,JENSEN_SHANNON,25,190210,12096,36290,0.9402,0.8398,0.8872,3594,4512655360,90,d36f4d52acd58b56950d51b99d9f1adb55529885,hogun-5.cluster,"Birth.FATHER_FORENAME, Birth.FATHER_SURNAME, Birth.MOTHER_FORENAME, Birth.MOTHER_MAIDEN_SURNAME","Death.FATHER_FORENAME, Death.FATHER_SURNAME, Death.MOTHER_FORENAME, Death.MOTHER_MAIDEN_SURNAME"
synthetic-scotland,133k,3,1,birth-death-sibling,0.9,JENSEN_SHANNON,25,219068,1804841138,10071,0.0001,0.956,0.0002,8151,4501314472,90,d36f4d52acd58b56950d51b99d9f1adb55529885,sif-2.cluster,"Birth.FATHER_FORENAME, Birth.FATHER_SURNAME, Birth.MOTHER_FORENAME, Birth.MOTHER_MAIDEN_SURNAME","Death.FATHER_FORENAME, Death.FATHER_SURNAME, Death.MOTHER_FORENAME, Death.MOTHER_MAIDEN_SURNAME"
synthetic-scotland,133k,2,1,birth-death-sibling,0.6,JENSEN_SHANNON,25,196186,40698,30314,0.8282,0.8662,0.8468,5196,4753167328,90,d36f4d52acd58b56950d51b99d9f1adb55529885,sif-1.cluster,"Birth.FATHER_FORENAME, Birth.FATHER_SURNAME, Birth.MOTHER_FORENAME, Birth.MOTHER_MAIDEN_SURNAME","Death.FATHER_FORENAME, Death.FATHER_SURNAME, Death.MOTHER_FORENAME, Death.MOTHER_MAIDEN_SURNAME"
synthetic-scotland,133k,2,1,birth-death-sibling,0.7,JENSEN_SHANNON,25,206562,6316721,19938,0.0317,0.912,0.0612,3675,4512655360,90,d36f4d52acd58b56950d51b99d9f1adb55529885,hogun-5.cluster,"Birth.FATHER_FORENAME, Birth.FATHER_SURNAME, Birth.MOTHER_FORENAME, Birth.MOTHER_MAIDEN_SURNAME","Death.FATHER_FORENAME, Death.FATHER_SURNAME, Death.MOTHER_FORENAME, Death.MOTHER_MAIDEN_SURNAME"
synthetic-scotland,133k,4,2,birth-death-sibling,0.9,JENSEN_SHANNON,25,209197,1742489726,19143,0.0001,0.9162,0.0002,16635,4861561768,90,d36f4d52acd58b56950d51b99d9f1adb55529885,hogun-4.cluster,"Birth.FATHER_FORENAME, Birth.FATHER_SURNAME, Birth.MOTHER_FORENAME, Birth.MOTHER_MAIDEN_SURNAME","Death.FATHER_FORENAME, Death.FATHER_SURNAME, Death.MOTHER_FORENAME, Death.MOTHER_MAIDEN_SURNAME"
synthetic-scotland,133k,3,1,birth-death-sibling,0.8,JENSEN_SHANNON,25,219068,1804841138,10071,0.0001,0.956,0.0002,13477,4433998048,90,d36f4d52acd58b56950d51b99d9f1adb55529885,sif-8.cluster,"Birth.FATHER_FORENAME, Birth.FATHER_SURNAME, Birth.MOTHER_FORENAME, Birth.MOTHER_MAIDEN_SURNAME","Death.FATHER_FORENAME, Death.FATHER_SURNAME, Death.MOTHER_FORENAME, Death.MOTHER_MAIDEN_SURNAME"
synthetic-scotland,133k,2,2,birth-death-sibling,0.6,JENSEN_SHANNON,25,169809,34907,56691,0.8295,0.7497,0.7876,3466,4861561768,90,d36f4d52acd58b56950d51b99d9f1adb55529885,hogun-4.cluster,"Birth.FATHER_FORENAME, Birth.FATHER_SURNAME, Birth.MOTHER_FORENAME, Birth.MOTHER_MAIDEN_SURNAME","Death.FATHER_FORENAME, Death.FATHER_SURNAME, Death.MOTHER_FORENAME, Death.MOTHER_MAIDEN_SURNAME"
synthetic-scotland,133k,2,2,birth-death-sibling,0.5,JENSEN_SHANNON,25,158592,10010,67908,0.9406,0.7002,0.8028,4754,4512655360,90,d36f4d52acd58b56950d51b99d9f1adb55529885,hogun-5.cluster,"Birth.FATHER_FORENAME, Birth.FATHER_SURNAME, Birth.MOTHER_FORENAME, Birth.MOTHER_MAIDEN_SURNAME","Death.FATHER_FORENAME, Death.FATHER_SURNAME, Death.MOTHER_FORENAME, Death.MOTHER_MAIDEN_SURNAME"
synthetic-scotland,133k,2,2,birth-death-sibling,0.7,JENSEN_SHANNON,25,188376,5543333,38124,0.0329,0.8317,0.0632,3893,4952865120,90,d36f4d52acd58b56950d51b99d9f1adb55529885,sif-8.cluster,"Birth.FATHER_FORENAME, Birth.FATHER_SURNAME, Birth.MOTHER_FORENAME, Birth.MOTHER_MAIDEN_SURNAME","Death.FATHER_FORENAME, Death.FATHER_SURNAME, Death.MOTHER_FORENAME, Death.MOTHER_MAIDEN_SURNAME"
synthetic-scotland,133k,2,1,birth-death-sibling,0.8,JENSEN_SHANNON,25,216834,1780884931,9666,0.0001,0.9573,0.0002,12772,4501314472,90,d36f4d52acd58b56950d51b99d9f1adb55529885,sif-2.cluster,"Birth.FATHER_FORENAME, Birth.FATHER_SURNAME, Birth.MOTHER_FORENAME, Birth.MOTHER_MAIDEN_SURNAME","Death.FATHER_FORENAME, Death.FATHER_SURNAME, Death.MOTHER_FORENAME, Death.MOTHER_MAIDEN_SURNAME"
synthetic-scotland,133k,3,2,birth-death-sibling,0.9,JENSEN_SHANNON,25,209839,1730024094,19300,0.0001,0.9158,0.0002,17122,4597098200,90,d36f4d52acd58b56950d51b99d9f1adb55529885,hogun-2.cluster,"Birth.FATHER_FORENAME, Birth.FATHER_SURNAME, Birth.MOTHER_FORENAME, Birth.MOTHER_MAIDEN_SURNAME","Death.FATHER_FORENAME, Death.FATHER_SURNAME, Death.MOTHER_FORENAME, Death.MOTHER_MAIDEN_SURNAME"
synthetic-scotland,133k,3,2,birth-death-sibling,0.8,JENSEN_SHANNON,25,209839,1730024094,19300,0.0001,0.9158,0.0002,18387,4884706776,90,d36f4d52acd58b56950d51b99d9f1adb55529885,sif-9.cluster,"Birth.FATHER_FORENAME, Birth.FATHER_SURNAME, Birth.MOTHER_FORENAME, Birth.MOTHER_MAIDEN_SURNAME","Death.FATHER_FORENAME, Death.FATHER_SURNAME, Death.MOTHER_FORENAME, Death.MOTHER_MAIDEN_SURNAME"
synthetic-scotland,133k,1,1,birth-death-sibling,0.5,JENSEN_SHANNON,25,190454,12319,35558,0.9392,0.8427,0.8883,6807,4952865120,90,d36f4d52acd58b56950d51b99d9f1adb55529885,sif-8.cluster,"Birth.FATHER_FORENAME, Birth.FATHER_SURNAME, Birth.MOTHER_FORENAME, Birth.MOTHER_MAIDEN_SURNAME","Death.FATHER_FORENAME, Death.FATHER_SURNAME, Death.MOTHER_FORENAME, Death.MOTHER_MAIDEN_SURNAME"