start-time,corrupted,links-lost-on-pre-filter,tp,fp,fn,precision,recall,f-measure,time-take-seconds,linkage-class,fields-used1,fields-used2,evaluation-approach,records-repo,results-repo,links-sub-repo,max-memory-usage,code-version,hostname,"linkage-configuration-hash",births-cache-size,marriages-cache-size,deaths-cache-size,ros,threshold,"pre-filter-required-fields",max-sibling-age-diff,min-marriage-age,min-parenting-age,max-parenting-age,"max-marriage-age-discrepancy",max-death-age,linkage-results-file,reason,priority,required-memory,seed,population,size,corruption-profile,metric,linkage-type,pre-filter,persist-links,evaluate-quality,experiment-id,linkage-phase,pop-number,evaluation-approach,"single-path-indirect-evaluation-approach","dual-path-indirect-evaluation-approach"
1621361114616,true,1631,148,0,14100,1.0,0.010387422796181921,0.020561267018616283,677,"uk.ac.standrews.cs.population_linkage.linkageRecipes.DeathGroomOwnMarriageIdentityLinkageRecipe","Death[ FORENAME SURNAME SPOUSE_NAMES FATHER_FORENAME FATHER_SURNAME MOTHER_FORENAME MOTHER_MAIDEN_SURNAME ]","Marriage[ GROOM_FORENAME GROOM_SURNAME BRIDE_FULL_NAME GROOM_FATHER_FORENAME GROOM_FATHER_SURNAME GROOM_MOTHER_FORENAME GROOM_MOTHER_MAIDEN_SURNAME ]",,"synthetic-scotland_133k_4_corrupted_C","synthetic-scotland_4_C_death-groom-identity_links","yellow_JENSEN_SHANNON_0.15_2021-05-18T18-05-14.616Z",3.961415792,"95bc440c719c314809b2c64b8e222d8934a00d3a",sif-6,-825639116,90000,90000,90000,70,0.15,6,50,15,15,55,20,120,"cluster-runs/results/thesis-1-sif-6.csv",yellow,3,12,12345,synthetic-scotland,133k,C,JENSEN_SHANNON,death-groom-identity,true,false,true,-,,4,"death-groom-identity.ALL.all",,
1621361794989,true,1631,268,0,13980,1.0,0.018809657495788883,0.03692477266464591,640,"uk.ac.standrews.cs.population_linkage.linkageRecipes.DeathGroomOwnMarriageIdentityLinkageRecipe","Death[ FORENAME SURNAME SPOUSE_NAMES FATHER_FORENAME FATHER_SURNAME MOTHER_FORENAME MOTHER_MAIDEN_SURNAME ]","Marriage[ GROOM_FORENAME GROOM_SURNAME BRIDE_FULL_NAME GROOM_FATHER_FORENAME GROOM_FATHER_SURNAME GROOM_MOTHER_FORENAME GROOM_MOTHER_MAIDEN_SURNAME ]",,"synthetic-scotland_133k_4_corrupted_C","synthetic-scotland_4_C_death-groom-identity_links","yellow_JENSEN_SHANNON_0.40_2021-05-18T18-16-34.989Z",1.781934656,"95bc440c719c314809b2c64b8e222d8934a00d3a",sif-6,1232639565,90000,90000,90000,70,0.40,6,50,15,15,55,20,120,"cluster-runs/results/thesis-1-sif-6.csv",yellow,3,12,12345,synthetic-scotland,133k,C,JENSEN_SHANNON,death-groom-identity,true,false,true,-,,4,"death-groom-identity.ALL.all",,
1621362438763,false,0,13733,0,430,1.0,0.9696392007343076,0.9845856036707772,680,"uk.ac.standrews.cs.population_linkage.linkageRecipes.DeathGroomOwnMarriageIdentityLinkageRecipe","Death[ FORENAME SURNAME SPOUSE_NAMES FATHER_FORENAME FATHER_SURNAME MOTHER_FORENAME MOTHER_MAIDEN_SURNAME ]","Marriage[ GROOM_FORENAME GROOM_SURNAME BRIDE_FULL_NAME GROOM_FATHER_FORENAME GROOM_FATHER_SURNAME GROOM_MOTHER_FORENAME GROOM_MOTHER_MAIDEN_SURNAME ]",,"synthetic-scotland_133k_1_clean","synthetic-scotland_1_0_death-groom-identity_links","yellow+blue_JENSEN_SHANNON_0.15_2021-05-18T18-27-18.763Z",1.102207952,"95bc440c719c314809b2c64b8e222d8934a00d3a",sif-6,-825639116,90000,90000,90000,70,0.15,6,50,15,15,55,20,120,"cluster-runs/results/thesis-1-sif-6.csv","yellow+blue",3,12,12345,synthetic-scotland,133k,0,JENSEN_SHANNON,death-groom-identity,true,false,true,"EF0F233684F3B2A0EF0F1536B5380AD605B42AD94B387059A8647DA9270697B3",,1,"death-groom-identity.ALL.all",,
1621363153433,true,1631,482,22,13802,0.9563492063492064,0.03374404928591431,0.0651879902623749,653,"uk.ac.standrews.cs.population_linkage.linkageRecipes.DeathGroomOwnMarriageIdentityLinkageRecipe","Death[ FORENAME SURNAME SPOUSE_NAMES FATHER_FORENAME FATHER_SURNAME MOTHER_FORENAME MOTHER_MAIDEN_SURNAME ]","Marriage[ GROOM_FORENAME GROOM_SURNAME BRIDE_FULL_NAME GROOM_FATHER_FORENAME GROOM_FATHER_SURNAME GROOM_MOTHER_FORENAME GROOM_MOTHER_MAIDEN_SURNAME ]",,"synthetic-scotland_133k_2_corrupted_C","synthetic-scotland_2_C_death-groom-identity_links","yellow_JENSEN_SHANNON_0.50_2021-05-18T18-39-13.433Z",4.1517988,"95bc440c719c314809b2c64b8e222d8934a00d3a",sif-6,337964119,90000,90000,90000,70,0.50,6,50,15,15,55,20,120,"cluster-runs/results/thesis-1-sif-6.csv",yellow,3,12,12345,synthetic-scotland,133k,C,JENSEN_SHANNON,death-groom-identity,true,false,true,"AE9154DDDA948096F1395B662BB2E594A3013E9338C23714AAA41D37A97B5FE6",,2,"death-groom-identity.ALL.all",,
1621363841135,true,1645,152,0,14011,1.0,0.010732189507872626,0.021236465246245197,664,"uk.ac.standrews.cs.population_linkage.linkageRecipes.DeathGroomOwnMarriageIdentityLinkageRecipe","Death[ FORENAME SURNAME SPOUSE_NAMES FATHER_FORENAME FATHER_SURNAME MOTHER_FORENAME MOTHER_MAIDEN_SURNAME ]","Marriage[ GROOM_FORENAME GROOM_SURNAME BRIDE_FULL_NAME GROOM_FATHER_FORENAME GROOM_FATHER_SURNAME GROOM_MOTHER_FORENAME GROOM_MOTHER_MAIDEN_SURNAME ]",,"synthetic-scotland_133k_1_corrupted_C","synthetic-scotland_1_C_death-groom-identity_links","yellow_JENSEN_SHANNON_0.20_2021-05-18T18-50-41.135Z",4.446126456,"95bc440c719c314809b2c64b8e222d8934a00d3a",sif-6,-1272976839,90000,90000,90000,70,0.20,6,50,15,15,55,20,120,"cluster-runs/results/thesis-1-sif-6.csv",yellow,3,12,12345,synthetic-scotland,133k,C,JENSEN_SHANNON,death-groom-identity,true,false,true,"C17BCB04779B3D003BA2833037D6A388D91D7333AAC9295178A9441DA7863B7C",,1,"death-groom-identity.ALL.all",,
1621364507841,true,1631,204,0,14044,1.0,0.014317798989331837,0.02823138665928591,647,"uk.ac.standrews.cs.population_linkage.linkageRecipes.DeathGroomOwnMarriageIdentityLinkageRecipe","Death[ FORENAME SURNAME SPOUSE_NAMES FATHER_FORENAME FATHER_SURNAME MOTHER_FORENAME MOTHER_MAIDEN_SURNAME ]","Marriage[ GROOM_FORENAME GROOM_SURNAME BRIDE_FULL_NAME GROOM_FATHER_FORENAME GROOM_FATHER_SURNAME GROOM_MOTHER_FORENAME GROOM_MOTHER_MAIDEN_SURNAME ]",,"synthetic-scotland_133k_4_corrupted_C","synthetic-scotland_4_C_death-groom-identity_links","yellow_JENSEN_SHANNON_0.30_2021-05-18T19-01-47.841Z",2.225026864,"95bc440c719c314809b2c64b8e222d8934a00d3a",sif-6,2127315011,90000,90000,90000,70,0.30,6,50,15,15,55,20,120,"cluster-runs/results/thesis-1-sif-6.csv",yellow,3,12,12345,synthetic-scotland,133k,C,JENSEN_SHANNON,death-groom-identity,true,false,true,-,,4,"death-groom-identity.ALL.all",,
1621365158339,false,0,14397,1742,0,0.8920627052481567,1.0,0.9429525805606497,683,"uk.ac.standrews.cs.population_linkage.linkageRecipes.DeathGroomOwnMarriageIdentityLinkageRecipe","Death[ FORENAME SURNAME SPOUSE_NAMES FATHER_FORENAME FATHER_SURNAME MOTHER_FORENAME MOTHER_MAIDEN_SURNAME ]","Marriage[ GROOM_FORENAME GROOM_SURNAME BRIDE_FULL_NAME GROOM_FATHER_FORENAME GROOM_FATHER_SURNAME GROOM_MOTHER_FORENAME GROOM_MOTHER_MAIDEN_SURNAME ]",,"synthetic-scotland_133k_3_clean","synthetic-scotland_3_0_death-groom-identity_links","yellow+blue_JENSEN_SHANNON_0.55_2021-05-18T19-12-38.339Z",0.782030304,"95bc440c719c314809b2c64b8e222d8934a00d3a",sif-6,-109373604,90000,90000,90000,70,0.55,6,50,15,15,55,20,120,"cluster-runs/results/thesis-1-sif-6.csv","yellow+blue",3,12,12345,synthetic-scotland,133k,0,JENSEN_SHANNON,death-groom-identity,true,false,true,"1E94706F70839B5EDB8158AD19671289BA38EA1C1015F4211B790821BD1E01E4",,3,"death-groom-identity.ALL.all",,
1621365844210,true,1645,494,26,13669,0.95,0.03487961590058603,0.06728870121909691,653,"uk.ac.standrews.cs.population_linkage.linkageRecipes.DeathGroomOwnMarriageIdentityLinkageRecipe","Death[ FORENAME SURNAME SPOUSE_NAMES FATHER_FORENAME FATHER_SURNAME MOTHER_FORENAME MOTHER_MAIDEN_SURNAME ]","Marriage[ GROOM_FORENAME GROOM_SURNAME BRIDE_FULL_NAME GROOM_FATHER_FORENAME GROOM_FATHER_SURNAME GROOM_MOTHER_FORENAME GROOM_MOTHER_MAIDEN_SURNAME ]",,"synthetic-scotland_133k_1_corrupted_C","synthetic-scotland_1_C_death-groom-identity_links","yellow_JENSEN_SHANNON_0.50_2021-05-18T19-24-04.21Z",2.925727224,"95bc440c719c314809b2c64b8e222d8934a00d3a",sif-6,337964119,90000,90000,90000,70,0.50,6,50,15,15,55,20,120,"cluster-runs/results/thesis-1-sif-6.csv",yellow,3,12,12345,synthetic-scotland,133k,C,JENSEN_SHANNON,death-groom-identity,true,false,true,"27DC0F495521A6A6D991A5AAD4ACEEA3D407F61DE2A97B4A2C67D13E8D7093E8",,1,"death-groom-identity.ALL.all",,
1621366617871,true,6453,3403,284,52992,0.9229726064551126,0.06034222892100363,0.11327851935687894,9531,"uk.ac.standrews.cs.population_linkage.linkageRecipes.DeathGroomOwnMarriageIdentityLinkageRecipe","Death[ FORENAME SURNAME SPOUSE_NAMES FATHER_FORENAME FATHER_SURNAME MOTHER_FORENAME MOTHER_MAIDEN_SURNAME ]","Marriage[ GROOM_FORENAME GROOM_SURNAME BRIDE_FULL_NAME GROOM_FATHER_FORENAME GROOM_FATHER_SURNAME GROOM_MOTHER_FORENAME GROOM_MOTHER_MAIDEN_SURNAME ]",,"synthetic-scotland_531k_1_corrupted_C","synthetic-scotland_1_C_death-groom-identity_links","yellow_JENSEN_SHANNON_0.60_2021-05-18T19-36-57.871Z",7.2808904,"95bc440c719c314809b2c64b8e222d8934a00d3a",sif-6,-556711327,90000,90000,90000,70,0.60,6,50,15,15,55,20,120,"cluster-runs/results/thesis-1-sif-6.csv",yellow,4,12,12345,synthetic-scotland,531k,C,JENSEN_SHANNON,death-groom-identity,true,false,true,"4AE821C9F6E4B8AD9E44EDD80897C706A69ED13A34991454D02B08307CE9FB28",,1,"death-groom-identity.ALL.all",,
1621376153031,false,0,56436,7090,0,0.8883921543934767,1.0,0.9408979510178224,9523,"uk.ac.standrews.cs.population_linkage.linkageRecipes.DeathGroomOwnMarriageIdentityLinkageRecipe","Death[ FORENAME SURNAME SPOUSE_NAMES FATHER_FORENAME FATHER_SURNAME MOTHER_FORENAME MOTHER_MAIDEN_SURNAME ]","Marriage[ GROOM_FORENAME GROOM_SURNAME BRIDE_FULL_NAME GROOM_FATHER_FORENAME GROOM_FATHER_SURNAME GROOM_MOTHER_FORENAME GROOM_MOTHER_MAIDEN_SURNAME ]",,"synthetic-scotland_531k_3_clean","synthetic-scotland_3_0_death-groom-identity_links","yellow_JENSEN_SHANNON_0.55_2021-05-18T22-15-53.031Z",3.491308624,"95bc440c719c314809b2c64b8e222d8934a00d3a",sif-6,-109373604,90000,90000,90000,70,0.55,6,50,15,15,55,20,120,"cluster-runs/results/thesis-1-sif-6.csv",yellow,4,12,12345,synthetic-scotland,531k,0,JENSEN_SHANNON,death-groom-identity,true,false,true,"DF31E4C53665C98AD0CFBC2E7642E98F40DE53F9E9B1D58B0A8882AFD39EBCF6",,3,"death-groom-identity.ALL.all",,
1621386065739,true,1068,26816,12,29620,0.999552706127926,0.47515770075838115,0.644119907763259,15330,"uk.ac.standrews.cs.population_linkage.linkageRecipes.DeathGroomOwnMarriageIdentityLinkageRecipe","Death[ FORENAME SURNAME SPOUSE_NAMES FATHER_FORENAME FATHER_SURNAME MOTHER_FORENAME MOTHER_MAIDEN_SURNAME ]","Marriage[ GROOM_FORENAME GROOM_SURNAME BRIDE_FULL_NAME GROOM_FATHER_FORENAME GROOM_FATHER_SURNAME GROOM_MOTHER_FORENAME GROOM_MOTHER_MAIDEN_SURNAME ]",,"synthetic-scotland_531k_3_corrupted_B","synthetic-scotland_3_B_death-groom-identity_links","yellow_JENSEN_SHANNON_0.35_2021-05-19T01-01-05.739Z",9.965542808,"95bc440c719c314809b2c64b8e222d8934a00d3a",sif-6,1679977288,90000,90000,90000,70,0.35,6,50,15,15,55,20,120,"cluster-runs/results/thesis-1-sif-6.csv",yellow,4,12,12345,synthetic-scotland,531k,B,JENSEN_SHANNON,death-groom-identity,true,false,true,"8B210CA95F3C54FA2A9C0D1DD26444D98867EBCD5F3AC6F95C4B5260D69A8410",,3,"death-groom-identity.ALL.all",,
1621401401161,true,6453,714,0,55681,1.0,0.012660696870289919,0.02500481535309671,16553,"uk.ac.standrews.cs.population_linkage.linkageRecipes.DeathGroomOwnMarriageIdentityLinkageRecipe","Death[ FORENAME SURNAME SPOUSE_NAMES FATHER_FORENAME FATHER_SURNAME MOTHER_FORENAME MOTHER_MAIDEN_SURNAME ]","Marriage[ GROOM_FORENAME GROOM_SURNAME BRIDE_FULL_NAME GROOM_FATHER_FORENAME GROOM_FATHER_SURNAME GROOM_MOTHER_FORENAME GROOM_MOTHER_MAIDEN_SURNAME ]",,"synthetic-scotland_531k_1_corrupted_C","synthetic-scotland_1_C_death-groom-identity_links","yellow_JENSEN_SHANNON_0.25_2021-05-19T05-16-41.161Z",3.62735608,"c0baef0f8ed2e47b6380eb69fe70fbba56bca172",sif-6,-1720314562,90000,90000,90000,70,0.25,6,50,15,15,55,20,120,"cluster-runs/results/thesis-1-sif-6.csv",yellow,4,12,12345,synthetic-scotland,531k,C,JENSEN_SHANNON,death-groom-identity,true,false,true,"8CAE7C326537E6AF172BB6CC9B313A143DDA3308FFBAF7082B4F4F69547E5ACE",,1,"death-groom-identity.ALL.all",,
1621417959438,false,0,54837,29,1558,0.9994714395071629,0.9723734373614682,0.9857362418097986,14532,"uk.ac.standrews.cs.population_linkage.linkageRecipes.DeathGroomOwnMarriageIdentityLinkageRecipe","Death[ FORENAME SURNAME SPOUSE_NAMES FATHER_FORENAME FATHER_SURNAME MOTHER_FORENAME MOTHER_MAIDEN_SURNAME ]","Marriage[ GROOM_FORENAME GROOM_SURNAME BRIDE_FULL_NAME GROOM_FATHER_FORENAME GROOM_FATHER_SURNAME GROOM_MOTHER_FORENAME GROOM_MOTHER_MAIDEN_SURNAME ]",,"synthetic-scotland_531k_1_clean","synthetic-scotland_1_0_death-groom-identity_links","yellow_JENSEN_SHANNON_0.35_2021-05-19T09-52-39.438Z",2.873848896,"c0baef0f8ed2e47b6380eb69fe70fbba56bca172",sif-6,1679977288,90000,90000,90000,70,0.35,6,50,15,15,55,20,120,"cluster-runs/results/thesis-1-sif-6.csv",yellow,4,12,12345,synthetic-scotland,531k,0,JENSEN_SHANNON,death-groom-identity,true,false,true,"7DC74F96F11143D73597A6577B22F3267F795142819DCFDFC1ACE0422EFF04DC",,1,"death-groom-identity.ALL.all",,
1621433001228,true,1084,22541,1,33325,0.9999556383639429,0.40348333512333084,0.5749668401183553,19711,"uk.ac.standrews.cs.population_linkage.linkageRecipes.DeathGroomOwnMarriageIdentityLinkageRecipe","Death[ FORENAME SURNAME SPOUSE_NAMES FATHER_FORENAME FATHER_SURNAME MOTHER_FORENAME MOTHER_MAIDEN_SURNAME ]","Marriage[ GROOM_FORENAME GROOM_SURNAME BRIDE_FULL_NAME GROOM_FATHER_FORENAME GROOM_FATHER_SURNAME GROOM_MOTHER_FORENAME GROOM_MOTHER_MAIDEN_SURNAME ]",,"synthetic-scotland_531k_4_corrupted_B","synthetic-scotland_4_B_death-groom-identity_links","yellow_JENSEN_SHANNON_0.20_2021-05-19T14-03-21.228Z",7.561169992,"c0baef0f8ed2e47b6380eb69fe70fbba56bca172",sif-6,-1272976839,90000,90000,90000,70,0.20,6,50,15,15,55,20,120,"cluster-runs/results/thesis-1-sif-6.csv",yellow,4,12,12345,synthetic-scotland,531k,B,JENSEN_SHANNON,death-groom-identity,true,false,true,-,,4,"death-groom-identity.ALL.all",,
1621452716840,false,0,73122,6952480,0,0.010407933725821645,1.0,0.02060144893645675,2457,"uk.ac.standrews.cs.population_linkage.linkageRecipes.BirthMotherIdentityLinkageRecipe","Birth[ FORENAME SURNAME ]","Birth[ MOTHER_FORENAME MOTHER_MAIDEN_SURNAME ]",,"synthetic-scotland_133k_2_clean","synthetic-scotland_2_0_birth-mother-identity_links","brown_JENSEN_SHANNON_0.45_2021-05-19T19-31-56.84Z",3.039259512,"c0baef0f8ed2e47b6380eb69fe70fbba56bca172",sif-6,-1238886647,90000,90000,90000,70,0.45,2,50,15,15,55,20,120,"cluster-runs/results/thesis-1-sif-6.csv",brown,5,12,12345,synthetic-scotland,133k,0,JENSEN_SHANNON,birth-mother-identity,true,false,true,"6D6BA8E61705DCA6DB0574675E9481073E02D024D705008BE54A0FD5CCA27752",,2,"birth-mother-identity.ALL.all",,
1621455177682,false,0,16578,43186,57304,0.2773910715480892,0.22438482986383693,0.24808823309339598,4226,"uk.ac.standrews.cs.population_linkage.linkageRecipes.BirthMotherIdentityWithAddressLinkageRecipe","Birth[ FORENAME SURNAME PARENTS_PLACE_OF_MARRIAGE ]","Birth[ MOTHER_FORENAME MOTHER_MAIDEN_SURNAME PLACE_OF_BIRTH ]",,"synthetic-scotland_133k_4_clean","synthetic-scotland_4_0_birth-mother-identity-with-address_links","brown_JENSEN_SHANNON_0.45_2021-05-19T20-12-57.682Z",3.382066184,"c0baef0f8ed2e47b6380eb69fe70fbba56bca172",sif-6,-1456067530,90000,90000,90000,70,0.45,2,50,15,15,55,20,120,"cluster-runs/results/thesis-1-sif-6.csv",brown,5,12,12345,synthetic-scotland,133k,0,JENSEN_SHANNON,"birth-mother-identity-with-address",true,false,true,-,,4,"birth-mother-identity-with-address.ALL.all",,
1621459407060,false,0,74480,7433958,0,0.009919506560485684,1.0,0.01964415281821589,2503,"uk.ac.standrews.cs.population_linkage.linkageRecipes.BirthMotherIdentityLinkageRecipe","Birth[ FORENAME SURNAME ]","Birth[ MOTHER_FORENAME MOTHER_MAIDEN_SURNAME ]",,"synthetic-scotland_133k_3_clean","synthetic-scotland_3_0_birth-mother-identity_links","brown_JENSEN_SHANNON_0.45_2021-05-19T21-23-27.06Z",3.119006904,"c0baef0f8ed2e47b6380eb69fe70fbba56bca172",sif-6,-1238886647,90000,90000,90000,70,0.45,2,50,15,15,55,20,120,"cluster-runs/results/thesis-1-sif-6.csv",brown,5,12,12345,synthetic-scotland,133k,0,JENSEN_SHANNON,birth-mother-identity,true,false,true,"AA05DFD34E9CB9874BB787C1D03B65DFDEED63CB3C21C6A37E9EC7639455536F",,3,"birth-mother-identity.ALL.all",,
1621461912779,false,0,74480,230304,0,0.24436978319071867,1.0,0.39276071549105634,4210,"uk.ac.standrews.cs.population_linkage.linkageRecipes.BirthMotherIdentityWithAddressLinkageRecipe","Birth[ FORENAME SURNAME PARENTS_PLACE_OF_MARRIAGE ]","Birth[ MOTHER_FORENAME MOTHER_MAIDEN_SURNAME PLACE_OF_BIRTH ]",,"synthetic-scotland_133k_3_clean","synthetic-scotland_3_0_birth-mother-identity-with-address_links","brown_JENSEN_SHANNON_0.55_2021-05-19T22-05-12.779Z",3.57946296,"c0baef0f8ed2e47b6380eb69fe70fbba56bca172",sif-6,1944224320,90000,90000,90000,70,0.55,2,50,15,15,55,20,120,"cluster-runs/results/thesis-1-sif-6.csv",brown,5,12,12345,synthetic-scotland,133k,0,JENSEN_SHANNON,"birth-mother-identity-with-address",true,false,true,"25EECE6482F4F1784EC861D0D46319C7984988F3D6AD8696A257F4307B8183C2",,3,"birth-mother-identity-with-address.ALL.all",,
1621466127435,false,0,293179,4385823,0,0.06265844725007598,1.0,0.11792772628349611,34761,"uk.ac.standrews.cs.population_linkage.linkageRecipes.BirthMotherIdentityLinkageRecipe","Birth[ FORENAME SURNAME ]","Birth[ MOTHER_FORENAME MOTHER_MAIDEN_SURNAME ]",,"synthetic-scotland_531k_3_clean","synthetic-scotland_3_0_birth-mother-identity_links","brown_JENSEN_SHANNON_0.35_2021-05-19T23-15-27.435Z",3.393813216,"c0baef0f8ed2e47b6380eb69fe70fbba56bca172",sif-6,-344211201,90000,90000,90000,70,0.35,2,50,15,15,55,20,120,"cluster-runs/results/thesis-1-sif-6.csv",brown,6,12,12345,synthetic-scotland,531k,0,JENSEN_SHANNON,birth-mother-identity,true,false,true,"A04A32E0D5772113EC8E01E4AE3BF19AEB4CF55FDC6D2E3293D5B10AA5392110",,3,"birth-mother-identity.ALL.all",,
1621500891955,false,0,293179,2493349,0,0.1052130105995705,1.0,0.19039408619066683,57021,"uk.ac.standrews.cs.population_linkage.linkageRecipes.BirthMotherIdentityWithAddressLinkageRecipe","Birth[ FORENAME SURNAME PARENTS_PLACE_OF_MARRIAGE ]","Birth[ MOTHER_FORENAME MOTHER_MAIDEN_SURNAME PLACE_OF_BIRTH ]",,"synthetic-scotland_531k_3_clean","synthetic-scotland_3_0_birth-mother-identity-with-address_links","brown_JENSEN_SHANNON_0.50_2021-05-20T08-54-51.955Z",3.070934232,"c0baef0f8ed2e47b6380eb69fe70fbba56bca172",sif-6,-1903405253,90000,90000,90000,70,0.50,2,50,15,15,55,20,120,"cluster-runs/results/thesis-1-sif-6.csv",brown,6,12,12345,synthetic-scotland,531k,0,JENSEN_SHANNON,"birth-mother-identity-with-address",true,false,true,"BCB0AE75512523696D9D0ABE47E2FEF9E0E7151D22544B19766C03B608E98006",,3,"birth-mother-identity-with-address.ALL.all",,
1621557917366,false,0,292945,2680187,0,0.09853077495381975,1.0,0.17938646271964806,28756,"uk.ac.standrews.cs.population_linkage.linkageRecipes.BirthMotherIdentityLinkageRecipe","Birth[ FORENAME SURNAME ]","Birth[ MOTHER_FORENAME MOTHER_MAIDEN_SURNAME ]",,"synthetic-scotland_531k_1_clean","synthetic-scotland_1_0_birth-mother-identity_links","brown_JENSEN_SHANNON_0.20_2021-05-21T00-45-17.366Z",4.372563592,"c0baef0f8ed2e47b6380eb69fe70fbba56bca172",sif-6,997801968,90000,90000,90000,70,0.20,2,50,15,15,55,20,120,"cluster-runs/results/thesis-1-sif-6.csv",brown,6,12,12345,synthetic-scotland,531k,0,JENSEN_SHANNON,birth-mother-identity,true,false,true,"15F29CC8DAFC5CA26AE12FC2421B7A4C9C0C1D1CA50581E696604CE7F6AD91A8",,1,"birth-mother-identity.ALL.all",,
1621586676557,false,0,0,0,293179,0.0,0.0,0.0,55698,"uk.ac.standrews.cs.population_linkage.linkageRecipes.BirthMotherIdentityWithAddressLinkageRecipe","Birth[ FORENAME SURNAME PARENTS_PLACE_OF_MARRIAGE ]","Birth[ MOTHER_FORENAME MOTHER_MAIDEN_SURNAME PLACE_OF_BIRTH ]",,"synthetic-scotland_531k_3_clean","synthetic-scotland_3_0_birth-mother-identity-with-address_links","brown_JENSEN_SHANNON_0.15_2021-05-21T08-44-36.557Z",5.599696616,"c0baef0f8ed2e47b6380eb69fe70fbba56bca172",sif-6,1227958808,90000,90000,90000,70,0.15,2,50,15,15,55,20,120,"cluster-runs/results/thesis-1-sif-6.csv",brown,6,12,12345,synthetic-scotland,531k,0,JENSEN_SHANNON,"birth-mother-identity-with-address",true,false,true,"10D40B84AC2013D9048A681FDBF9F11B54823040770BAC917CBB630E950CBF0C",,3,"birth-mother-identity-with-address.ALL.all",,
1621642378558,false,0,2002,0,1286,1.0,0.6088807785888077,0.7568998109640832,349,"uk.ac.standrews.cs.population_linkage.linkageRecipes.DeathGroomOwnMarriageIdentityLinkageRecipe","Death[ FORENAME SURNAME SPOUSE_NAMES FATHER_FORENAME FATHER_SURNAME MOTHER_FORENAME MOTHER_MAIDEN_SURNAME ]","Marriage[ GROOM_FORENAME GROOM_SURNAME BRIDE_FULL_NAME GROOM_FATHER_FORENAME GROOM_FATHER_SURNAME GROOM_MOTHER_FORENAME GROOM_MOTHER_MAIDEN_SURNAME ]",,"synthetic-dominican-republic_120k_1_clean","synthetic-dominican-republic_1_0_death-groom-identity_links","blue_JENSEN_SHANNON_0.2_2021-05-22T00-12-58.558Z",2.461442928,"c0baef0f8ed2e47b6380eb69fe70fbba56bca172",sif-6,-546377912,90000,90000,90000,70,0.2,6,50,15,15,55,20,120,"cluster-runs/results/thesis-1-sif-6.csv",blue,7,12,12345,"synthetic-dominican-republic",120k,0,JENSEN_SHANNON,death-groom-identity,true,false,true,"D466FFC8251EA160FCFA79A8BA75D9A5B3C811C70CD05F0662216B0698B96665",,1,"death-groom-identity.ALL.all",,
1621642860415,true,97,1806,504,1420,0.7818181818181819,0.5598264104153751,0.6524566473988439,418,"uk.ac.standrews.cs.population_linkage.linkageRecipes.DeathGroomOwnMarriageIdentityLinkageRecipe","Death[ FORENAME SURNAME SPOUSE_NAMES FATHER_FORENAME FATHER_SURNAME MOTHER_FORENAME MOTHER_MAIDEN_SURNAME ]","Marriage[ GROOM_FORENAME GROOM_SURNAME BRIDE_FULL_NAME GROOM_FATHER_FORENAME GROOM_FATHER_SURNAME GROOM_MOTHER_FORENAME GROOM_MOTHER_MAIDEN_SURNAME ]",,"synthetic-dominican-republic_120k_3_corrupted_A","synthetic-dominican-republic_3_A_death-groom-identity_links","blue_JENSEN_SHANNON_0.60_2021-05-22T00-21-00.415Z",4.455550368,"c0baef0f8ed2e47b6380eb69fe70fbba56bca172",sif-6,-556711327,90000,90000,90000,70,0.60,6,50,15,15,55,20,120,"cluster-runs/results/thesis-1-sif-6.csv",blue,7,12,12345,"synthetic-dominican-republic",120k,A,JENSEN_SHANNON,death-groom-identity,true,false,true,"D0196C5B3E2FC84633647FFA5711AD629F0EE731C31ECECCE46CE270F6E00617",,3,"death-groom-identity.ALL.all",,
1621643282034,false,0,2003,0,1285,1.0,0.6091849148418491,0.7571347571347571,402,"uk.ac.standrews.cs.population_linkage.linkageRecipes.DeathGroomOwnMarriageIdentityLinkageRecipe","Death[ FORENAME SURNAME SPOUSE_NAMES FATHER_FORENAME FATHER_SURNAME MOTHER_FORENAME MOTHER_MAIDEN_SURNAME ]","Marriage[ GROOM_FORENAME GROOM_SURNAME BRIDE_FULL_NAME GROOM_FATHER_FORENAME GROOM_FATHER_SURNAME GROOM_MOTHER_FORENAME GROOM_MOTHER_MAIDEN_SURNAME ]",,"synthetic-dominican-republic_120k_1_clean","synthetic-dominican-republic_1_0_death-groom-identity_links","blue_JENSEN_SHANNON_0.30_2021-05-22T00-28-02.034Z",1.465383504,"c0baef0f8ed2e47b6380eb69fe70fbba56bca172",sif-6,2127315011,90000,90000,90000,70,0.30,6,50,15,15,55,20,120,"cluster-runs/results/thesis-1-sif-6.csv",blue,7,12,12345,"synthetic-dominican-republic",120k,0,JENSEN_SHANNON,death-groom-identity,true,false,true,"0956F72B2A7B19C309DDED28E16A6EBD8682BF06224E446AEEF250A9EB1CE3CA",,1,"death-groom-identity.ALL.all",,
1621643686788,true,97,809,0,2417,1.0,0.25077495350278983,0.4009913258983891,427,"uk.ac.standrews.cs.population_linkage.linkageRecipes.DeathGroomOwnMarriageIdentityLinkageRecipe","Death[ FORENAME SURNAME SPOUSE_NAMES FATHER_FORENAME FATHER_SURNAME MOTHER_FORENAME MOTHER_MAIDEN_SURNAME ]","Marriage[ GROOM_FORENAME GROOM_SURNAME BRIDE_FULL_NAME GROOM_FATHER_FORENAME GROOM_FATHER_SURNAME GROOM_MOTHER_FORENAME GROOM_MOTHER_MAIDEN_SURNAME ]",,"synthetic-dominican-republic_120k_3_corrupted_A","synthetic-dominican-republic_3_A_death-groom-identity_links","blue_JENSEN_SHANNON_0.25_2021-05-22T00-34-46.788Z",1.963202792,"c0baef0f8ed2e47b6380eb69fe70fbba56bca172",sif-6,-1720314562,90000,90000,90000,70,0.25,6,50,15,15,55,20,120,"cluster-runs/results/thesis-1-sif-6.csv",blue,7,12,12345,"synthetic-dominican-republic",120k,A,JENSEN_SHANNON,death-groom-identity,true,false,true,"80818BA9B6AF8A6C64A78139A7C7F8E530B0A49B7F4B28D50783BF2D6429E07D",,3,"death-groom-identity.ALL.all",,
1621644275930,true,87,1676,261,1490,0.8652555498193082,0.5293746051800379,0.6568685087203606,533,"uk.ac.standrews.cs.population_linkage.linkageRecipes.DeathGroomOwnMarriageIdentityLinkageRecipe","Death[ FORENAME SURNAME SPOUSE_NAMES FATHER_FORENAME FATHER_SURNAME MOTHER_FORENAME MOTHER_MAIDEN_SURNAME ]","Marriage[ GROOM_FORENAME GROOM_SURNAME BRIDE_FULL_NAME GROOM_FATHER_FORENAME GROOM_FATHER_SURNAME GROOM_MOTHER_FORENAME GROOM_MOTHER_MAIDEN_SURNAME ]",,"synthetic-dominican-republic_120k_4_corrupted_A","synthetic-dominican-republic_4_A_death-groom-identity_links","blue_JENSEN_SHANNON_0.55_2021-05-22T00-44-35.93Z",6.397779296,"c0baef0f8ed2e47b6380eb69fe70fbba56bca172",sif-6,-109373604,90000,90000,90000,70,0.55,6,50,15,15,55,20,120,"cluster-runs/results/thesis-1-sif-6.csv",blue,7,12,12345,"synthetic-dominican-republic",120k,A,JENSEN_SHANNON,death-groom-identity,true,false,true,-,,4,"death-groom-identity.ALL.all",,
1621644878940,true,86,1308,85,1980,0.9389806173725772,0.3978102189781022,0.5588549455244606,548,"uk.ac.standrews.cs.population_linkage.linkageRecipes.DeathGroomOwnMarriageIdentityLinkageRecipe","Death[ FORENAME SURNAME SPOUSE_NAMES FATHER_FORENAME FATHER_SURNAME MOTHER_FORENAME MOTHER_MAIDEN_SURNAME ]","Marriage[ GROOM_FORENAME GROOM_SURNAME BRIDE_FULL_NAME GROOM_FATHER_FORENAME GROOM_FATHER_SURNAME GROOM_MOTHER_FORENAME GROOM_MOTHER_MAIDEN_SURNAME ]",,"synthetic-dominican-republic_120k_1_corrupted_A","synthetic-dominican-republic_1_A_death-groom-identity_links","blue_JENSEN_SHANNON_0.45_2021-05-22T00-54-38.94Z",4.939505752,"c0baef0f8ed2e47b6380eb69fe70fbba56bca172",sif-6,785301842,90000,90000,90000,70,0.45,6,50,15,15,55,20,120,"cluster-runs/results/thesis-1-sif-6.csv",blue,7,12,12345,"synthetic-dominican-republic",120k,A,JENSEN_SHANNON,death-groom-identity,true,false,true,"FA2532BA49C6BAF9528007B631CB086D376917D04BE5BDB24CEE6C43470314A4",,1,"death-groom-identity.ALL.all",,
1621645430795,true,294,8460,1240,5824,0.8721649484536083,0.5922710725287035,0.7054703135423616,2126,"uk.ac.standrews.cs.population_linkage.linkageRecipes.DeathGroomOwnMarriageIdentityLinkageRecipe","Death[ FORENAME SURNAME SPOUSE_NAMES FATHER_FORENAME FATHER_SURNAME MOTHER_FORENAME MOTHER_MAIDEN_SURNAME ]","Marriage[ GROOM_FORENAME GROOM_SURNAME BRIDE_FULL_NAME GROOM_FATHER_FORENAME GROOM_FATHER_SURNAME GROOM_MOTHER_FORENAME GROOM_MOTHER_MAIDEN_SURNAME ]",,"synthetic-scotland_133k_2_corrupted_A","synthetic-scotland_2_A_death-groom-identity_links","green+blue_JENSEN_SHANNON_0.6_2021-05-22T01-03-50.795Z",2.06495072,"c0baef0f8ed2e47b6380eb69fe70fbba56bca172",sif-6,813738828,90000,90000,90000,70,0.6,6,50,15,15,55,20,120,"cluster-runs/results/thesis-1-sif-6.csv","green+blue",7,12,12345,synthetic-scotland,133k,A,JENSEN_SHANNON,death-groom-identity,true,false,true,"E25CF9C3075B620DDD37E9FBC02184062CE3F0B179A15149AB0EBC5E1984BE59",,2,"death-groom-identity.ALL.all",,
1621647560766,true,309,8557,1195,5840,0.8774610336341263,0.5943599360977981,0.7086835893825831,2173,"uk.ac.standrews.cs.population_linkage.linkageRecipes.DeathGroomOwnMarriageIdentityLinkageRecipe","Death[ FORENAME SURNAME SPOUSE_NAMES FATHER_FORENAME FATHER_SURNAME MOTHER_FORENAME MOTHER_MAIDEN_SURNAME ]","Marriage[ GROOM_FORENAME GROOM_SURNAME BRIDE_FULL_NAME GROOM_FATHER_FORENAME GROOM_FATHER_SURNAME GROOM_MOTHER_FORENAME GROOM_MOTHER_MAIDEN_SURNAME ]",,"synthetic-scotland_133k_3_corrupted_A","synthetic-scotland_3_A_death-groom-identity_links","green+blue_JENSEN_SHANNON_0.6_2021-05-22T01-39-20.766Z",2.001688112,"c0baef0f8ed2e47b6380eb69fe70fbba56bca172",sif-6,813738828,90000,90000,90000,70,0.6,6,50,15,15,55,20,120,"cluster-runs/results/thesis-1-sif-6.csv","green+blue",7,12,12345,synthetic-scotland,133k,A,JENSEN_SHANNON,death-groom-identity,true,false,true,"AE502C2F55CB69DE8AA7AA14F5EEC42885D3B08B06EC56B9C0F044359D6A7BB2",,3,"death-groom-identity.ALL.all",,
1621654612466,true,5555,117317,0,150541,1.0,0.4379820651240583,0.6091620691893296,617479,"uk.ac.standrews.cs.population_linkage.linkageRecipes.DeathGroomOwnMarriageIdentityLinkageRecipe","Death[ FORENAME SURNAME SPOUSE_NAMES FATHER_FORENAME FATHER_SURNAME MOTHER_FORENAME MOTHER_MAIDEN_SURNAME ]","Marriage[ GROOM_FORENAME GROOM_SURNAME BRIDE_FULL_NAME GROOM_FATHER_FORENAME GROOM_FATHER_SURNAME GROOM_MOTHER_FORENAME GROOM_MOTHER_MAIDEN_SURNAME ]",,"synthetic-scotland_2482k_1_corrupted_A","synthetic-scotland_1_A_death-groom-identity_links","green+blue_JENSEN_SHANNON_0.3_2021-05-22T03-36-52.466Z",11.100626512,"c0baef0f8ed2e47b6380eb69fe70fbba56bca172",sif-6,1941134921,90000,90000,90000,70,0.3,6,50,15,15,55,20,120,"cluster-runs/results/thesis-1-sif-6.csv","green+blue",8,12,12345,synthetic-scotland,2482k,A,JENSEN_SHANNON,death-groom-identity,true,false,true,"1CF7CC5ED7F56FA3819CCCD140EFA3649BE34760062DC2D11E54DA10B9D271CD",,1,"death-groom-identity.ALL.all",,
1622276597225,true,1519,38202,11644,27964,0.766400513581832,0.577366018801197,0.6585870427197187,147107,"uk.ac.standrews.cs.population_linkage.linkageRecipes.DeathGroomOwnMarriageIdentityLinkageRecipe","Death[ FORENAME SURNAME SPOUSE_NAMES FATHER_FORENAME FATHER_SURNAME MOTHER_FORENAME MOTHER_MAIDEN_SURNAME ]","Marriage[ GROOM_FORENAME GROOM_SURNAME BRIDE_FULL_NAME GROOM_FATHER_FORENAME GROOM_FATHER_SURNAME GROOM_MOTHER_FORENAME GROOM_MOTHER_MAIDEN_SURNAME ]",,"synthetic-dominican-republic_2390k_4_corrupted_A","synthetic-dominican-republic_4_A_death-groom-identity_links","blue_JENSEN_SHANNON_0.6_2021-05-29T08-23-17.225Z",4.939519328,"c8ea797555a56c48c651b0ba837abcea6078571a",sif-6,813738828,90000,90000,90000,70,0.6,6,50,15,15,55,20,120,"cluster-runs/results/thesis-1-sif-6.csv",blue,8,12,12345,"synthetic-dominican-republic",2390k,A,JENSEN_SHANNON,death-groom-identity,true,false,true,-,,4,"death-groom-identity.ALL.all",,
1622489989871,true,5706,147814,13848,119316,0.9143397953755367,0.5533410698910642,0.6894438329073304,718516,"uk.ac.standrews.cs.population_linkage.linkageRecipes.DeathGroomOwnMarriageIdentityLinkageRecipe","Death[ FORENAME SURNAME SPOUSE_NAMES FATHER_FORENAME FATHER_SURNAME MOTHER_FORENAME MOTHER_MAIDEN_SURNAME ]","Marriage[ GROOM_FORENAME GROOM_SURNAME BRIDE_FULL_NAME GROOM_FATHER_FORENAME GROOM_FATHER_SURNAME GROOM_MOTHER_FORENAME GROOM_MOTHER_MAIDEN_SURNAME ]",,"synthetic-scotland_2482k_3_corrupted_A","synthetic-scotland_3_A_death-groom-identity_links","green+blue_JENSEN_SHANNON_0.5_2021-05-31T19-39-49.871Z",9.431076008,"c8ea797555a56c48c651b0ba837abcea6078571a",sif-6,-1673774005,90000,90000,90000,70,0.5,6,50,15,15,55,20,120,"cluster-runs/results/thesis-1-sif-6.csv","green+blue",8,12,12345,synthetic-scotland,2482k,A,JENSEN_SHANNON,death-groom-identity,true,false,true,"AE7ABC301BC079D61102A860B66D4585E8EDBEAA9730BE3A7AB5A94504D0FCF1",,3,"death-groom-identity.ALL.all",,
1623214142977,false,0,66741,13088,0,0.8360495559257913,1.0,0.9107047826976871,180752,"uk.ac.standrews.cs.population_linkage.linkageRecipes.DeathGroomOwnMarriageIdentityLinkageRecipe","Death[ FORENAME SURNAME SPOUSE_NAMES FATHER_FORENAME FATHER_SURNAME MOTHER_FORENAME MOTHER_MAIDEN_SURNAME ]","Marriage[ GROOM_FORENAME GROOM_SURNAME BRIDE_FULL_NAME GROOM_FATHER_FORENAME GROOM_FATHER_SURNAME GROOM_MOTHER_FORENAME GROOM_MOTHER_MAIDEN_SURNAME ]",,"synthetic-dominican-republic_2390k_2_clean","synthetic-dominican-republic_2_0_death-groom-identity_links","blue_JENSEN_SHANNON_0.5_2021-06-09T04-49-02.977Z",8.942108496,"c8ea797555a56c48c651b0ba837abcea6078571a",sif-6,-1673774005,90000,90000,90000,70,0.5,6,50,15,15,55,20,120,"cluster-runs/results/thesis-1-sif-6.csv",blue,8,12,12345,"synthetic-dominican-republic",2390k,0,JENSEN_SHANNON,death-groom-identity,true,false,true,"0C0EB946866D47B81ABAD94619D0C02C5C527582ED14967D5EAABFE3A732BCF7",,2,"death-groom-identity.ALL.all",,
1624726458577,false,0,70350,210776,0,0.25024366298385775,1.0,0.40031182783461744,1345,"uk.ac.standrews.cs.population_linkage.linkageRecipes.BirthMotherIdentityWithAddressLinkageRecipe","Birth[ FORENAME SURNAME PARENTS_PLACE_OF_MARRIAGE ]","Birth[ MOTHER_FORENAME MOTHER_MAIDEN_SURNAME PLACE_OF_BIRTH ]",,"synthetic-scotland_133k_4_clean","synthetic-scotland_4_0_birth-mother-identity-with-address_links","bronze_JENSEN_SHANNON_0.55_2021-06-26T16-54-18.577Z",1.394456064,"f4c20358e71a0873b2d0ab0d6091536fffda069e",sif-6,1944224320,90000,90000,90000,70,0.55,2,50,15,15,55,20,120,"cluster-runs/results/thesis-1-sif-6.csv",bronze,5,12,12345,synthetic-scotland,133k,0,JENSEN_SHANNON,"birth-mother-identity-with-address",true,false,true,-,,4,"birth-mother-identity-with-address.PARENTAL_STATUS.Married",,
1624726458577,false,0,3532,9575,0,0.2694743266956588,1.0,0.4245447442754973,1345,"uk.ac.standrews.cs.population_linkage.linkageRecipes.BirthMotherIdentityWithAddressLinkageRecipe","Birth[ FORENAME SURNAME PARENTS_PLACE_OF_MARRIAGE ]","Birth[ MOTHER_FORENAME MOTHER_MAIDEN_SURNAME PLACE_OF_BIRTH ]",,"synthetic-scotland_133k_4_clean","synthetic-scotland_4_0_birth-mother-identity-with-address_links","bronze_JENSEN_SHANNON_0.55_2021-06-26T16-54-18.577Z",1.394456064,"f4c20358e71a0873b2d0ab0d6091536fffda069e",sif-6,1944224320,90000,90000,90000,70,0.55,2,50,15,15,55,20,120,"cluster-runs/results/thesis-1-sif-6.csv",bronze,5,12,12345,synthetic-scotland,133k,0,JENSEN_SHANNON,"birth-mother-identity-with-address",true,false,true,-,,4,"birth-mother-identity-with-address.PARENTAL_STATUS.Residing-Separately",,
1624726458577,false,0,73882,220351,0,0.2511003184551019,1.0,0.4014071689553536,1345,"uk.ac.standrews.cs.population_linkage.linkageRecipes.BirthMotherIdentityWithAddressLinkageRecipe","Birth[ FORENAME SURNAME PARENTS_PLACE_OF_MARRIAGE ]","Birth[ MOTHER_FORENAME MOTHER_MAIDEN_SURNAME PLACE_OF_BIRTH ]",,"synthetic-scotland_133k_4_clean","synthetic-scotland_4_0_birth-mother-identity-with-address_links","bronze_JENSEN_SHANNON_0.55_2021-06-26T16-54-18.577Z",1.394456064,"f4c20358e71a0873b2d0ab0d6091536fffda069e",sif-6,1944224320,90000,90000,90000,70,0.55,2,50,15,15,55,20,120,"cluster-runs/results/thesis-1-sif-6.csv",bronze,5,12,12345,synthetic-scotland,133k,0,JENSEN_SHANNON,"birth-mother-identity-with-address",true,false,true,-,,4,"birth-mother-identity-with-address.ALL.all",,
1624727833864,false,0,72992,1513536418,0,4.8223801674171676E-5,1.0,9.6442952502529E-5,6415,"uk.ac.standrews.cs.population_linkage.linkageRecipes.BirthMotherIdentityLinkageRecipe","Birth[ FORENAME SURNAME ]","Birth[ MOTHER_FORENAME MOTHER_MAIDEN_SURNAME ]",,"synthetic-scotland_133k_1_clean","synthetic-scotland_1_0_birth-mother-identity_links","bronze_JENSEN_SHANNON_0.75_2021-06-26T17-17-13.864Z",1.966955032,"f4c20358e71a0873b2d0ab0d6091536fffda069e",sif-6,372054311,90000,90000,90000,70,0.75,2,50,15,15,55,20,120,"cluster-runs/results/thesis-1-sif-6.csv",bronze,5,12,12345,synthetic-scotland,133k,0,JENSEN_SHANNON,birth-mother-identity,true,false,true,"DCAC4B21EEF88DECD0FE930942D4A36A96EB7ED620BBC6C3C3AA18FAF964D346",,1,"birth-mother-identity.ALL.all",,
1624727833864,false,0,3404,73849372,0,4.609170006013044E-5,1.0,9.217915142646154E-5,6415,"uk.ac.standrews.cs.population_linkage.linkageRecipes.BirthMotherIdentityLinkageRecipe","Birth[ FORENAME SURNAME ]","Birth[ MOTHER_FORENAME MOTHER_MAIDEN_SURNAME ]",,"synthetic-scotland_133k_1_clean","synthetic-scotland_1_0_birth-mother-identity_links","bronze_JENSEN_SHANNON_0.75_2021-06-26T17-17-13.864Z",1.966955032,"f4c20358e71a0873b2d0ab0d6091536fffda069e",sif-6,372054311,90000,90000,90000,70,0.75,2,50,15,15,55,20,120,"cluster-runs/results/thesis-1-sif-6.csv",bronze,5,12,12345,synthetic-scotland,133k,0,JENSEN_SHANNON,birth-mother-identity,true,false,true,"DCAC4B21EEF88DECD0FE930942D4A36A96EB7ED620BBC6C3C3AA18FAF964D346",,1,"birth-mother-identity.PARENTAL_STATUS.Residing-Separately",,
1624727833864,false,0,69588,1439687046,0,4.833316850686586E-5,1.0,9.666166504918674E-5,6415,"uk.ac.standrews.cs.population_linkage.linkageRecipes.BirthMotherIdentityLinkageRecipe","Birth[ FORENAME SURNAME ]","Birth[ MOTHER_FORENAME MOTHER_MAIDEN_SURNAME ]",,"synthetic-scotland_133k_1_clean","synthetic-scotland_1_0_birth-mother-identity_links","bronze_JENSEN_SHANNON_0.75_2021-06-26T17-17-13.864Z",1.966955032,"f4c20358e71a0873b2d0ab0d6091536fffda069e",sif-6,372054311,90000,90000,90000,70,0.75,2,50,15,15,55,20,120,"cluster-runs/results/thesis-1-sif-6.csv",bronze,5,12,12345,synthetic-scotland,133k,0,JENSEN_SHANNON,birth-mother-identity,true,false,true,"DCAC4B21EEF88DECD0FE930942D4A36A96EB7ED620BBC6C3C3AA18FAF964D346",,1,"birth-mother-identity.PARENTAL_STATUS.Married",,
1624734252053,false,0,16578,43186,57304,0.2773910715480892,0.22438482986383693,0.24808823309339598,1311,"uk.ac.standrews.cs.population_linkage.linkageRecipes.BirthMotherIdentityWithAddressLinkageRecipe","Birth[ FORENAME SURNAME PARENTS_PLACE_OF_MARRIAGE ]","Birth[ MOTHER_FORENAME MOTHER_MAIDEN_SURNAME PLACE_OF_BIRTH ]",,"synthetic-scotland_133k_4_clean","synthetic-scotland_4_0_birth-mother-identity-with-address_links","bronze_JENSEN_SHANNON_0.45_2021-06-26T19-04-12.053Z",0.669846616,"f4c20358e71a0873b2d0ab0d6091536fffda069e",sif-6,-1456067530,90000,90000,90000,70,0.45,2,50,15,15,55,20,120,"cluster-runs/results/thesis-1-sif-6.csv",bronze,5,12,12345,synthetic-scotland,133k,0,JENSEN_SHANNON,"birth-mother-identity-with-address",true,false,true,-,,4,"birth-mother-identity-with-address.ALL.all",,
1624734252053,false,0,16578,43186,53772,0.2773910715480892,0.2356503198294243,0.2548226939453095,1311,"uk.ac.standrews.cs.population_linkage.linkageRecipes.BirthMotherIdentityWithAddressLinkageRecipe","Birth[ FORENAME SURNAME PARENTS_PLACE_OF_MARRIAGE ]","Birth[ MOTHER_FORENAME MOTHER_MAIDEN_SURNAME PLACE_OF_BIRTH ]",,"synthetic-scotland_133k_4_clean","synthetic-scotland_4_0_birth-mother-identity-with-address_links","bronze_JENSEN_SHANNON_0.45_2021-06-26T19-04-12.053Z",0.669846616,"f4c20358e71a0873b2d0ab0d6091536fffda069e",sif-6,-1456067530,90000,90000,90000,70,0.45,2,50,15,15,55,20,120,"cluster-runs/results/thesis-1-sif-6.csv",bronze,5,12,12345,synthetic-scotland,133k,0,JENSEN_SHANNON,"birth-mother-identity-with-address",true,false,true,-,,4,"birth-mother-identity-with-address.PARENTAL_STATUS.Married",,
1624735592819,false,0,73122,71516419,0,0.001021406185576745,1.0,0.002040727958993095,1005,"uk.ac.standrews.cs.population_linkage.linkageRecipes.BirthMotherIdentityLinkageRecipe","Birth[ FORENAME SURNAME ]","Birth[ MOTHER_FORENAME MOTHER_MAIDEN_SURNAME ]",,"synthetic-scotland_133k_2_clean","synthetic-scotland_2_0_birth-mother-identity_links","bronze_JENSEN_SHANNON_0.55_2021-06-26T19-26-32.819Z",2.420529208,"f4c20358e71a0873b2d0ab0d6091536fffda069e",sif-6,-2133562093,90000,90000,90000,70,0.55,2,50,15,15,55,20,120,"cluster-runs/results/thesis-1-sif-6.csv",bronze,5,12,12345,synthetic-scotland,133k,0,JENSEN_SHANNON,birth-mother-identity,true,false,true,"ABAE134A0ECD2D13E412A853BEF9A6142079383CC9BCABA3BE1A78F5F88B1DF5",,2,"birth-mother-identity.ALL.all",,
1624735592819,false,0,69990,68219258,0,0.0010249051212278689,1.0,0.0020477115324193636,1005,"uk.ac.standrews.cs.population_linkage.linkageRecipes.BirthMotherIdentityLinkageRecipe","Birth[ FORENAME SURNAME ]","Birth[ MOTHER_FORENAME MOTHER_MAIDEN_SURNAME ]",,"synthetic-scotland_133k_2_clean","synthetic-scotland_2_0_birth-mother-identity_links","bronze_JENSEN_SHANNON_0.55_2021-06-26T19-26-32.819Z",2.420529208,"f4c20358e71a0873b2d0ab0d6091536fffda069e",sif-6,-2133562093,90000,90000,90000,70,0.55,2,50,15,15,55,20,120,"cluster-runs/results/thesis-1-sif-6.csv",bronze,5,12,12345,synthetic-scotland,133k,0,JENSEN_SHANNON,birth-mother-identity,true,false,true,"ABAE134A0ECD2D13E412A853BEF9A6142079383CC9BCABA3BE1A78F5F88B1DF5",,2,"birth-mother-identity.PARENTAL_STATUS.Married",,
1624735592819,false,0,3132,3297161,0,9.490066488036062E-4,1.0,0.0018962137781242195,1005,"uk.ac.standrews.cs.population_linkage.linkageRecipes.BirthMotherIdentityLinkageRecipe","Birth[ FORENAME SURNAME ]","Birth[ MOTHER_FORENAME MOTHER_MAIDEN_SURNAME ]",,"synthetic-scotland_133k_2_clean","synthetic-scotland_2_0_birth-mother-identity_links","bronze_JENSEN_SHANNON_0.55_2021-06-26T19-26-32.819Z",2.420529208,"f4c20358e71a0873b2d0ab0d6091536fffda069e",sif-6,-2133562093,90000,90000,90000,70,0.55,2,50,15,15,55,20,120,"cluster-runs/results/thesis-1-sif-6.csv",bronze,5,12,12345,synthetic-scotland,133k,0,JENSEN_SHANNON,birth-mother-identity,true,false,true,"ABAE134A0ECD2D13E412A853BEF9A6142079383CC9BCABA3BE1A78F5F88B1DF5",,2,"birth-mother-identity.PARENTAL_STATUS.Residing-Separately",,
1624736600129,false,0,73122,1528537563,0,4.783559392691279E-5,1.0,9.566661158464145E-5,6391,"uk.ac.standrews.cs.population_linkage.linkageRecipes.BirthMotherIdentityLinkageRecipe","Birth[ FORENAME SURNAME ]","Birth[ MOTHER_FORENAME MOTHER_MAIDEN_SURNAME ]",,"synthetic-scotland_133k_2_clean","synthetic-scotland_2_0_birth-mother-identity_links","bronze_JENSEN_SHANNON_0.75_2021-06-26T19-43-20.129Z",1.985147384,"f4c20358e71a0873b2d0ab0d6091536fffda069e",sif-6,372054311,90000,90000,90000,70,0.75,2,50,15,15,55,20,120,"cluster-runs/results/thesis-1-sif-6.csv",bronze,5,12,12345,synthetic-scotland,133k,0,JENSEN_SHANNON,birth-mother-identity,true,false,true,"E4EC96B493E8C18272F417D1139D08FB4017C6870F406A5D2FB1789DBC10C3B0",,2,"birth-mother-identity.ALL.all",,
1624736600129,false,0,69990,1459344274,0,4.795759622642691E-5,1.0,9.591059281136992E-5,6391,"uk.ac.standrews.cs.population_linkage.linkageRecipes.BirthMotherIdentityLinkageRecipe","Birth[ FORENAME SURNAME ]","Birth[ MOTHER_FORENAME MOTHER_MAIDEN_SURNAME ]",,"synthetic-scotland_133k_2_clean","synthetic-scotland_2_0_birth-mother-identity_links","bronze_JENSEN_SHANNON_0.75_2021-06-26T19-43-20.129Z",1.985147384,"f4c20358e71a0873b2d0ab0d6091536fffda069e",sif-6,372054311,90000,90000,90000,70,0.75,2,50,15,15,55,20,120,"cluster-runs/results/thesis-1-sif-6.csv",bronze,5,12,12345,synthetic-scotland,133k,0,JENSEN_SHANNON,birth-mother-identity,true,false,true,"E4EC96B493E8C18272F417D1139D08FB4017C6870F406A5D2FB1789DBC10C3B0",,2,"birth-mother-identity.PARENTAL_STATUS.Married",,
1624736600129,false,0,3132,69193289,0,4.526245656549202E-5,1.0,9.052081593648444E-5,6391,"uk.ac.standrews.cs.population_linkage.linkageRecipes.BirthMotherIdentityLinkageRecipe","Birth[ FORENAME SURNAME ]","Birth[ MOTHER_FORENAME MOTHER_MAIDEN_SURNAME ]",,"synthetic-scotland_133k_2_clean","synthetic-scotland_2_0_birth-mother-identity_links","bronze_JENSEN_SHANNON_0.75_2021-06-26T19-43-20.129Z",1.985147384,"f4c20358e71a0873b2d0ab0d6091536fffda069e",sif-6,372054311,90000,90000,90000,70,0.75,2,50,15,15,55,20,120,"cluster-runs/results/thesis-1-sif-6.csv",bronze,5,12,12345,synthetic-scotland,133k,0,JENSEN_SHANNON,birth-mother-identity,true,false,true,"E4EC96B493E8C18272F417D1139D08FB4017C6870F406A5D2FB1789DBC10C3B0",,2,"birth-mother-identity.PARENTAL_STATUS.Residing-Separately",,
1624742993705,false,0,72992,1513788263,0,4.8215779193054254E-5,1.0,9.642690908755167E-5,6929,"uk.ac.standrews.cs.population_linkage.linkageRecipes.BirthMotherIdentityWithAddressLinkageRecipe","Birth[ FORENAME SURNAME PARENTS_PLACE_OF_MARRIAGE ]","Birth[ MOTHER_FORENAME MOTHER_MAIDEN_SURNAME PLACE_OF_BIRTH ]",,"synthetic-scotland_133k_1_clean","synthetic-scotland_1_0_birth-mother-identity-with-address_links","bronze_JENSEN_SHANNON_0.75_2021-06-26T21-29-53.705Z",1.527167152,"f4c20358e71a0873b2d0ab0d6091536fffda069e",sif-6,154873428,90000,90000,90000,70,0.75,2,50,15,15,55,20,120,"cluster-runs/results/thesis-1-sif-6.csv",bronze,5,12,12345,synthetic-scotland,133k,0,JENSEN_SHANNON,"birth-mother-identity-with-address",true,false,true,"2C3831DF5D9D20C81D4D5483033969BC73118E107D2F0B9055B9EC4BD16B4E94",,1,"birth-mother-identity-with-address.ALL.all",,
1624742993705,false,0,69588,1439926212,0,4.8325140948327766E-5,1.0,9.664561148385854E-5,6929,"uk.ac.standrews.cs.population_linkage.linkageRecipes.BirthMotherIdentityWithAddressLinkageRecipe","Birth[ FORENAME SURNAME PARENTS_PLACE_OF_MARRIAGE ]","Birth[ MOTHER_FORENAME MOTHER_MAIDEN_SURNAME PLACE_OF_BIRTH ]",,"synthetic-scotland_133k_1_clean","synthetic-scotland_1_0_birth-mother-identity-with-address_links","bronze_JENSEN_SHANNON_0.75_2021-06-26T21-29-53.705Z",1.527167152,"f4c20358e71a0873b2d0ab0d6091536fffda069e",sif-6,154873428,90000,90000,90000,70,0.75,2,50,15,15,55,20,120,"cluster-runs/results/thesis-1-sif-6.csv",bronze,5,12,12345,synthetic-scotland,133k,0,JENSEN_SHANNON,"birth-mother-identity-with-address",true,false,true,"2C3831DF5D9D20C81D4D5483033969BC73118E107D2F0B9055B9EC4BD16B4E94",,1,"birth-mother-identity-with-address.PARENTAL_STATUS.Married",,
1624742993705,false,0,3404,73862051,0,4.6083788423153965E-5,1.0,9.216332961092576E-5,6929,"uk.ac.standrews.cs.population_linkage.linkageRecipes.BirthMotherIdentityWithAddressLinkageRecipe","Birth[ FORENAME SURNAME PARENTS_PLACE_OF_MARRIAGE ]","Birth[ MOTHER_FORENAME MOTHER_MAIDEN_SURNAME PLACE_OF_BIRTH ]",,"synthetic-scotland_133k_1_clean","synthetic-scotland_1_0_birth-mother-identity-with-address_links","bronze_JENSEN_SHANNON_0.75_2021-06-26T21-29-53.705Z",1.527167152,"f4c20358e71a0873b2d0ab0d6091536fffda069e",sif-6,154873428,90000,90000,90000,70,0.75,2,50,15,15,55,20,120,"cluster-runs/results/thesis-1-sif-6.csv",bronze,5,12,12345,synthetic-scotland,133k,0,JENSEN_SHANNON,"birth-mother-identity-with-address",true,false,true,"2C3831DF5D9D20C81D4D5483033969BC73118E107D2F0B9055B9EC4BD16B4E94",,1,"birth-mother-identity-with-address.PARENTAL_STATUS.Residing-Separately",,
1624749925780,false,0,70350,191807,0,0.2683506448425943,1.0,0.4231489863371297,699,"uk.ac.standrews.cs.population_linkage.linkageRecipes.BirthMotherIdentityLinkageRecipe","Birth[ FORENAME SURNAME ]","Birth[ MOTHER_FORENAME MOTHER_MAIDEN_SURNAME ]",,"synthetic-scotland_133k_4_clean","synthetic-scotland_4_0_birth-mother-identity_links","bronze_JENSEN_SHANNON_0.25_2021-06-26T23-25-25.78Z",1.109946816,"f4c20358e71a0873b2d0ab0d6091536fffda069e",sif-6,550464245,90000,90000,90000,70,0.25,2,50,15,15,55,20,120,"cluster-runs/results/thesis-1-sif-6.csv",bronze,5,12,12345,synthetic-scotland,133k,0,JENSEN_SHANNON,birth-mother-identity,true,false,true,-,,4,"birth-mother-identity.PARENTAL_STATUS.Married",,
1624749925780,false,0,3532,9916,0,0.26264128494943484,1.0,0.4160188457008245,699,"uk.ac.standrews.cs.population_linkage.linkageRecipes.BirthMotherIdentityLinkageRecipe","Birth[ FORENAME SURNAME ]","Birth[ MOTHER_FORENAME MOTHER_MAIDEN_SURNAME ]",,"synthetic-scotland_133k_4_clean","synthetic-scotland_4_0_birth-mother-identity_links","bronze_JENSEN_SHANNON_0.25_2021-06-26T23-25-25.78Z",1.109946816,"f4c20358e71a0873b2d0ab0d6091536fffda069e",sif-6,550464245,90000,90000,90000,70,0.25,2,50,15,15,55,20,120,"cluster-runs/results/thesis-1-sif-6.csv",bronze,5,12,12345,synthetic-scotland,133k,0,JENSEN_SHANNON,birth-mother-identity,true,false,true,-,,4,"birth-mother-identity.PARENTAL_STATUS.Residing-Separately",,
1624749925780,false,0,73882,201723,0,0.2680720596505869,1.0,0.422802564902271,699,"uk.ac.standrews.cs.population_linkage.linkageRecipes.BirthMotherIdentityLinkageRecipe","Birth[ FORENAME SURNAME ]","Birth[ MOTHER_FORENAME MOTHER_MAIDEN_SURNAME ]",,"synthetic-scotland_133k_4_clean","synthetic-scotland_4_0_birth-mother-identity_links","bronze_JENSEN_SHANNON_0.25_2021-06-26T23-25-25.78Z",1.109946816,"f4c20358e71a0873b2d0ab0d6091536fffda069e",sif-6,550464245,90000,90000,90000,70,0.25,2,50,15,15,55,20,120,"cluster-runs/results/thesis-1-sif-6.csv",bronze,5,12,12345,synthetic-scotland,133k,0,JENSEN_SHANNON,birth-mother-identity,true,false,true,-,,4,"birth-mother-identity.ALL.all",,
1624750732411,false,0,271365,22426615229,8401,1.2099985384177218E-5,0.9699713331855908,2.419966888763918E-5,109763,"uk.ac.standrews.cs.population_linkage.linkageRecipes.BirthMotherIdentityWithAddressLinkageRecipe","Birth[ FORENAME SURNAME PARENTS_PLACE_OF_MARRIAGE ]","Birth[ MOTHER_FORENAME MOTHER_MAIDEN_SURNAME PLACE_OF_BIRTH ]",,"synthetic-scotland_531k_3_clean","synthetic-scotland_3_0_birth-mother-identity-with-address_links","bronze_JENSEN_SHANNON_0.90_2021-06-26T23-38-52.411Z",5.5153068,"f4c20358e71a0873b2d0ab0d6091536fffda069e",sif-6,-299636060,90000,90000,90000,70,0.90,3,50,15,15,55,20,120,"cluster-runs/results/thesis-1-sif-6.csv",bronze,6,12,12345,synthetic-scotland,531k,0,JENSEN_SHANNON,"birth-mother-identity-with-address",true,false,true,"8FC768050C4BC5712FD06A79A98163E6CBA3905ACB0BDBCFE9895666670A73EF",,3,"birth-mother-identity-with-address.PARENTAL_STATUS.Married",,
1624750732411,false,0,12910,1121969565,503,1.1506418582874924E-5,0.962499068068292,2.301256205673367E-5,109763,"uk.ac.standrews.cs.population_linkage.linkageRecipes.BirthMotherIdentityWithAddressLinkageRecipe","Birth[ FORENAME SURNAME PARENTS_PLACE_OF_MARRIAGE ]","Birth[ MOTHER_FORENAME MOTHER_MAIDEN_SURNAME PLACE_OF_BIRTH ]",,"synthetic-scotland_531k_3_clean","synthetic-scotland_3_0_birth-mother-identity-with-address_links","bronze_JENSEN_SHANNON_0.90_2021-06-26T23-38-52.411Z",5.5153068,"f4c20358e71a0873b2d0ab0d6091536fffda069e",sif-6,-299636060,90000,90000,90000,70,0.90,3,50,15,15,55,20,120,"cluster-runs/results/thesis-1-sif-6.csv",bronze,6,12,12345,synthetic-scotland,531k,0,JENSEN_SHANNON,"birth-mother-identity-with-address",true,false,true,"8FC768050C4BC5712FD06A79A98163E6CBA3905ACB0BDBCFE9895666670A73EF",,3,"birth-mother-identity-with-address.PARENTAL_STATUS.Residing-Separately",,
1624750732411,false,8904,284275,23548584794,8904,1.207170497942183E-5,0.9696294755081367,2.41431093816633E-5,109763,"uk.ac.standrews.cs.population_linkage.linkageRecipes.BirthMotherIdentityWithAddressLinkageRecipe","Birth[ FORENAME SURNAME PARENTS_PLACE_OF_MARRIAGE ]","Birth[ MOTHER_FORENAME MOTHER_MAIDEN_SURNAME PLACE_OF_BIRTH ]",,"synthetic-scotland_531k_3_clean","synthetic-scotland_3_0_birth-mother-identity-with-address_links","bronze_JENSEN_SHANNON_0.90_2021-06-26T23-38-52.411Z",5.5153068,"f4c20358e71a0873b2d0ab0d6091536fffda069e",sif-6,-299636060,90000,90000,90000,70,0.90,3,50,15,15,55,20,120,"cluster-runs/results/thesis-1-sif-6.csv",bronze,6,12,12345,synthetic-scotland,531k,0,JENSEN_SHANNON,"birth-mother-identity-with-address",true,false,true,"8FC768050C4BC5712FD06A79A98163E6CBA3905ACB0BDBCFE9895666670A73EF",,3,"birth-mother-identity-with-address.ALL.all",,
1624860891351,false,0,13236,1153671655,479,1.1472803452012964E-5,0.9650747356908495,2.294533413001281E-5,146821,"uk.ac.standrews.cs.population_linkage.linkageRecipes.BirthMotherIdentityWithAddressLinkageRecipe","Birth[ FORENAME SURNAME PARENTS_PLACE_OF_MARRIAGE ]","Birth[ MOTHER_FORENAME MOTHER_MAIDEN_SURNAME PLACE_OF_BIRTH ]",,"synthetic-scotland_531k_2_clean","synthetic-scotland_2_0_birth-mother-identity-with-address_links","bronze_JENSEN_SHANNON_0.75_2021-06-28T06-14-51.351Z",10.351211816,"f4c20358e71a0873b2d0ab0d6091536fffda069e",sif-6,1042377109,90000,90000,90000,70,0.75,3,50,15,15,55,20,120,"cluster-runs/results/thesis-1-sif-6.csv",bronze,6,12,12345,synthetic-scotland,531k,0,JENSEN_SHANNON,"birth-mother-identity-with-address",true,false,true,"C5D82BE5FA47F8DC6B05A8D107B86E62E0C6FC3C57DE1991B233B7DBFAD5BC67",,2,"birth-mother-identity-with-address.PARENTAL_STATUS.Residing-Separately",,
1624860891351,false,8812,284215,23381250889,8812,1.2155532078446718E-5,0.9699276858446492,2.4310759484471894E-5,146821,"uk.ac.standrews.cs.population_linkage.linkageRecipes.BirthMotherIdentityWithAddressLinkageRecipe","Birth[ FORENAME SURNAME PARENTS_PLACE_OF_MARRIAGE ]","Birth[ MOTHER_FORENAME MOTHER_MAIDEN_SURNAME PLACE_OF_BIRTH ]",,"synthetic-scotland_531k_2_clean","synthetic-scotland_2_0_birth-mother-identity-with-address_links","bronze_JENSEN_SHANNON_0.75_2021-06-28T06-14-51.351Z",10.361697576,"f4c20358e71a0873b2d0ab0d6091536fffda069e",sif-6,1042377109,90000,90000,90000,70,0.75,3,50,15,15,55,20,120,"cluster-runs/results/thesis-1-sif-6.csv",bronze,6,12,12345,synthetic-scotland,531k,0,JENSEN_SHANNON,"birth-mother-identity-with-address",true,false,true,"C5D82BE5FA47F8DC6B05A8D107B86E62E0C6FC3C57DE1991B233B7DBFAD5BC67",,2,"birth-mother-identity-with-address.ALL.all",,
1624860891351,false,0,270979,22227579234,8333,1.2190967520624978E-5,0.9701659792633328,2.4381628665176675E-5,146821,"uk.ac.standrews.cs.population_linkage.linkageRecipes.BirthMotherIdentityWithAddressLinkageRecipe","Birth[ FORENAME SURNAME PARENTS_PLACE_OF_MARRIAGE ]","Birth[ MOTHER_FORENAME MOTHER_MAIDEN_SURNAME PLACE_OF_BIRTH ]",,"synthetic-scotland_531k_2_clean","synthetic-scotland_2_0_birth-mother-identity-with-address_links","bronze_JENSEN_SHANNON_0.75_2021-06-28T06-14-51.351Z",10.374280488,"f4c20358e71a0873b2d0ab0d6091536fffda069e",sif-6,1042377109,90000,90000,90000,70,0.75,3,50,15,15,55,20,120,"cluster-runs/results/thesis-1-sif-6.csv",bronze,6,12,12345,synthetic-scotland,531k,0,JENSEN_SHANNON,"birth-mother-identity-with-address",true,false,true,"C5D82BE5FA47F8DC6B05A8D107B86E62E0C6FC3C57DE1991B233B7DBFAD5BC67",,2,"birth-mother-identity-with-address.PARENTAL_STATUS.Married",,
1625007717600,false,0,293179,24357528213,0,1.2036339181643343E-5,1.0,2.4072388619852345E-5,139087,"uk.ac.standrews.cs.population_linkage.linkageRecipes.BirthMotherIdentityLinkageRecipe","Birth[ FORENAME SURNAME ]","Birth[ MOTHER_FORENAME MOTHER_MAIDEN_SURNAME ]",,"synthetic-scotland_531k_3_clean","synthetic-scotland_3_0_birth-mother-identity_links","bronze_JENSEN_SHANNON_0.85_2021-06-29T23-01-57.6Z",8.702710112,"f4c20358e71a0873b2d0ab0d6091536fffda069e",sif-6,-522621135,90000,90000,90000,70,0.85,2,50,15,15,55,20,120,"cluster-runs/results/thesis-1-sif-6.csv",bronze,6,12,12345,synthetic-scotland,531k,0,JENSEN_SHANNON,birth-mother-identity,true,false,true,"1C4C5DCF1561C9894DBDAC6E9416AF38348256832D7C1350ECCC30C5F2288668",,3,"birth-mother-identity.ALL.all",,
1625007717600,false,0,13413,1163207169,0,1.1530917013983853E-5,1.0,2.3061568106939653E-5,139087,"uk.ac.standrews.cs.population_linkage.linkageRecipes.BirthMotherIdentityLinkageRecipe","Birth[ FORENAME SURNAME ]","Birth[ MOTHER_FORENAME MOTHER_MAIDEN_SURNAME ]",,"synthetic-scotland_531k_3_clean","synthetic-scotland_3_0_birth-mother-identity_links","bronze_JENSEN_SHANNON_0.85_2021-06-29T23-01-57.6Z",8.702710112,"f4c20358e71a0873b2d0ab0d6091536fffda069e",sif-6,-522621135,90000,90000,90000,70,0.85,2,50,15,15,55,20,120,"cluster-runs/results/thesis-1-sif-6.csv",bronze,6,12,12345,synthetic-scotland,531k,0,JENSEN_SHANNON,birth-mother-identity,true,false,true,"1C4C5DCF1561C9894DBDAC6E9416AF38348256832D7C1350ECCC30C5F2288668",,3,"birth-mother-identity.PARENTAL_STATUS.Residing-Separately",,
1625007717600,false,0,279766,23194321044,0,1.2061686350703787E-5,1.0,2.4123081736361856E-5,139087,"uk.ac.standrews.cs.population_linkage.linkageRecipes.BirthMotherIdentityLinkageRecipe","Birth[ FORENAME SURNAME ]","Birth[ MOTHER_FORENAME MOTHER_MAIDEN_SURNAME ]",,"synthetic-scotland_531k_3_clean","synthetic-scotland_3_0_birth-mother-identity_links","bronze_JENSEN_SHANNON_0.85_2021-06-29T23-01-57.6Z",8.702710112,"f4c20358e71a0873b2d0ab0d6091536fffda069e",sif-6,-522621135,90000,90000,90000,70,0.85,2,50,15,15,55,20,120,"cluster-runs/results/thesis-1-sif-6.csv",bronze,6,12,12345,synthetic-scotland,531k,0,JENSEN_SHANNON,birth-mother-identity,true,false,true,"1C4C5DCF1561C9894DBDAC6E9416AF38348256832D7C1350ECCC30C5F2288668",,3,"birth-mother-identity.PARENTAL_STATUS.Married",,
1625146923755,false,0,279447,2447911,0,0.10246069639555937,1.0,0.18587637043306765,6895,"uk.ac.standrews.cs.population_linkage.linkageRecipes.BirthMotherIdentityLinkageRecipe","Birth[ FORENAME SURNAME ]","Birth[ MOTHER_FORENAME MOTHER_MAIDEN_SURNAME ]",,"synthetic-scotland_531k_1_clean","synthetic-scotland_1_0_birth-mother-identity_links","bronze_JENSEN_SHANNON_0.10_2021-07-01T13-42-03.755Z",7.20601384,"f4c20358e71a0873b2d0ab0d6091536fffda069e",sif-6,1892477414,90000,90000,90000,70,0.10,2,50,15,15,55,20,120,"cluster-runs/results/thesis-1-sif-6.csv",bronze,6,12,12345,synthetic-scotland,531k,0,JENSEN_SHANNON,birth-mother-identity,true,false,true,"BC09417659BCB62FE654037FB6982AB9A01589AE48B273AEC51A06E0A0B0673A",,1,"birth-mother-identity.PARENTAL_STATUS.Married",,
1625146923755,false,0,292945,2574836,0,0.10215040827734057,1.0,0.18536564067875544,6895,"uk.ac.standrews.cs.population_linkage.linkageRecipes.BirthMotherIdentityLinkageRecipe","Birth[ FORENAME SURNAME ]","Birth[ MOTHER_FORENAME MOTHER_MAIDEN_SURNAME ]",,"synthetic-scotland_531k_1_clean","synthetic-scotland_1_0_birth-mother-identity_links","bronze_JENSEN_SHANNON_0.10_2021-07-01T13-42-03.755Z",7.20601384,"f4c20358e71a0873b2d0ab0d6091536fffda069e",sif-6,1892477414,90000,90000,90000,70,0.10,2,50,15,15,55,20,120,"cluster-runs/results/thesis-1-sif-6.csv",bronze,6,12,12345,synthetic-scotland,531k,0,JENSEN_SHANNON,birth-mother-identity,true,false,true,"BC09417659BCB62FE654037FB6982AB9A01589AE48B273AEC51A06E0A0B0673A",,1,"birth-mother-identity.ALL.all",,
1625146923755,false,0,13498,126925,0,0.09612385435434366,1.0,0.17538867341038586,6895,"uk.ac.standrews.cs.population_linkage.linkageRecipes.BirthMotherIdentityLinkageRecipe","Birth[ FORENAME SURNAME ]","Birth[ MOTHER_FORENAME MOTHER_MAIDEN_SURNAME ]",,"synthetic-scotland_531k_1_clean","synthetic-scotland_1_0_birth-mother-identity_links","bronze_JENSEN_SHANNON_0.10_2021-07-01T13-42-03.755Z",7.20601384,"f4c20358e71a0873b2d0ab0d6091536fffda069e",sif-6,1892477414,90000,90000,90000,70,0.10,2,50,15,15,55,20,120,"cluster-runs/results/thesis-1-sif-6.csv",bronze,6,12,12345,synthetic-scotland,531k,0,JENSEN_SHANNON,birth-mother-identity,true,false,true,"BC09417659BCB62FE654037FB6982AB9A01589AE48B273AEC51A06E0A0B0673A",,1,"birth-mother-identity.PARENTAL_STATUS.Residing-Separately",,
1625153822814,false,0,279766,2763891,0,0.09191771608955937,1.0,0.16836015156662273,28947,"uk.ac.standrews.cs.population_linkage.linkageRecipes.BirthMotherIdentityWithAddressLinkageRecipe","Birth[ FORENAME SURNAME PARENTS_PLACE_OF_MARRIAGE ]","Birth[ MOTHER_FORENAME MOTHER_MAIDEN_SURNAME PLACE_OF_BIRTH ]",,"synthetic-scotland_531k_3_clean","synthetic-scotland_3_0_birth-mother-identity-with-address_links","bronze_JENSEN_SHANNON_0.55_2021-07-01T15-37-02.814Z",5.406234304,"f4c20358e71a0873b2d0ab0d6091536fffda069e",sif-6,1944224320,90000,90000,90000,70,0.55,2,50,15,15,55,20,120,"cluster-runs/results/thesis-1-sif-6.csv",bronze,6,12,12345,synthetic-scotland,531k,0,JENSEN_SHANNON,"birth-mother-identity-with-address",true,false,true,"02C69F46D87485278F4C67AA7288196471D4590C9CC894D49BD51E68CF6293CA",,3,"birth-mother-identity-with-address.PARENTAL_STATUS.Married",,
1625153822814,false,0,13413,117996,0,0.10207063443143163,1.0,0.18523428760823632,28947,"uk.ac.standrews.cs.population_linkage.linkageRecipes.BirthMotherIdentityWithAddressLinkageRecipe","Birth[ FORENAME SURNAME PARENTS_PLACE_OF_MARRIAGE ]","Birth[ MOTHER_FORENAME MOTHER_MAIDEN_SURNAME PLACE_OF_BIRTH ]",,"synthetic-scotland_531k_3_clean","synthetic-scotland_3_0_birth-mother-identity-with-address_links","bronze_JENSEN_SHANNON_0.55_2021-07-01T15-37-02.814Z",5.416720064,"f4c20358e71a0873b2d0ab0d6091536fffda069e",sif-6,1944224320,90000,90000,90000,70,0.55,2,50,15,15,55,20,120,"cluster-runs/results/thesis-1-sif-6.csv",bronze,6,12,12345,synthetic-scotland,531k,0,JENSEN_SHANNON,"birth-mother-identity-with-address",true,false,true,"02C69F46D87485278F4C67AA7288196471D4590C9CC894D49BD51E68CF6293CA",,3,"birth-mother-identity-with-address.PARENTAL_STATUS.Residing-Separately",,
1625153822814,false,0,293179,2881887,0,0.09233792305419793,1.0,0.16906475753587188,28947,"uk.ac.standrews.cs.population_linkage.linkageRecipes.BirthMotherIdentityWithAddressLinkageRecipe","Birth[ FORENAME SURNAME PARENTS_PLACE_OF_MARRIAGE ]","Birth[ MOTHER_FORENAME MOTHER_MAIDEN_SURNAME PLACE_OF_BIRTH ]",,"synthetic-scotland_531k_3_clean","synthetic-scotland_3_0_birth-mother-identity-with-address_links","bronze_JENSEN_SHANNON_0.55_2021-07-01T15-37-02.814Z",5.431400128,"f4c20358e71a0873b2d0ab0d6091536fffda069e",sif-6,1944224320,90000,90000,90000,70,0.55,2,50,15,15,55,20,120,"cluster-runs/results/thesis-1-sif-6.csv",bronze,6,12,12345,synthetic-scotland,531k,0,JENSEN_SHANNON,"birth-mother-identity-with-address",true,false,true,"02C69F46D87485278F4C67AA7288196471D4590C9CC894D49BD51E68CF6293CA",,3,"birth-mother-identity-with-address.ALL.all",,
1625182774909,false,0,13236,113979,479,0.10404433439452895,0.9650747356908495,0.18783793372596325,28412,"uk.ac.standrews.cs.population_linkage.linkageRecipes.BirthMotherIdentityWithAddressLinkageRecipe","Birth[ FORENAME SURNAME PARENTS_PLACE_OF_MARRIAGE ]","Birth[ MOTHER_FORENAME MOTHER_MAIDEN_SURNAME PLACE_OF_BIRTH ]",,"synthetic-scotland_531k_2_clean","synthetic-scotland_2_0_birth-mother-identity-with-address_links","bronze_JENSEN_SHANNON_0.55_2021-07-01T23-39-34.909Z",2.755398456,"f4c20358e71a0873b2d0ab0d6091536fffda069e",sif-6,-1463239295,90000,90000,90000,70,0.55,3,50,15,15,55,20,120,"cluster-runs/results/thesis-1-sif-6.csv",bronze,6,12,12345,synthetic-scotland,531k,0,JENSEN_SHANNON,"birth-mother-identity-with-address",true,false,true,"14F55D9F8F221A5EE416589A0BB1D772B1DB6067087AFAAF16E14C297C39C10C",,2,"birth-mother-identity-with-address.PARENTAL_STATUS.Residing-Separately",,
1625182774909,false,0,270979,2524251,8333,0.09694336423120817,0.9701659792633328,0.17627275867430012,28412,"uk.ac.standrews.cs.population_linkage.linkageRecipes.BirthMotherIdentityWithAddressLinkageRecipe","Birth[ FORENAME SURNAME PARENTS_PLACE_OF_MARRIAGE ]","Birth[ MOTHER_FORENAME MOTHER_MAIDEN_SURNAME PLACE_OF_BIRTH ]",,"synthetic-scotland_531k_2_clean","synthetic-scotland_2_0_birth-mother-identity-with-address_links","bronze_JENSEN_SHANNON_0.55_2021-07-01T23-39-34.909Z",2.767981368,"f4c20358e71a0873b2d0ab0d6091536fffda069e",sif-6,-1463239295,90000,90000,90000,70,0.55,3,50,15,15,55,20,120,"cluster-runs/results/thesis-1-sif-6.csv",bronze,6,12,12345,synthetic-scotland,531k,0,JENSEN_SHANNON,"birth-mother-identity-with-address",true,false,true,"14F55D9F8F221A5EE416589A0BB1D772B1DB6067087AFAAF16E14C297C39C10C",,2,"birth-mother-identity-with-address.PARENTAL_STATUS.Married",,
1625182774909,false,8812,284215,2638230,8812,0.0972524718172626,0.9699276858446492,0.17677964541442126,28412,"uk.ac.standrews.cs.population_linkage.linkageRecipes.BirthMotherIdentityWithAddressLinkageRecipe","Birth[ FORENAME SURNAME PARENTS_PLACE_OF_MARRIAGE ]","Birth[ MOTHER_FORENAME MOTHER_MAIDEN_SURNAME PLACE_OF_BIRTH ]",,"synthetic-scotland_531k_2_clean","synthetic-scotland_2_0_birth-mother-identity-with-address_links","bronze_JENSEN_SHANNON_0.55_2021-07-01T23-39-34.909Z",2.782661432,"f4c20358e71a0873b2d0ab0d6091536fffda069e",sif-6,-1463239295,90000,90000,90000,70,0.55,3,50,15,15,55,20,120,"cluster-runs/results/thesis-1-sif-6.csv",bronze,6,12,12345,synthetic-scotland,531k,0,JENSEN_SHANNON,"birth-mother-identity-with-address",true,false,true,"14F55D9F8F221A5EE416589A0BB1D772B1DB6067087AFAAF16E14C297C39C10C",,2,"birth-mother-identity-with-address.ALL.all",,
1625211191593,false,8776,284169,23409219163,8776,1.2139044385941781E-5,0.9700421580842821,2.4277784961263803E-5,145834,"uk.ac.standrews.cs.population_linkage.linkageRecipes.BirthMotherIdentityWithAddressLinkageRecipe","Birth[ FORENAME SURNAME PARENTS_PLACE_OF_MARRIAGE ]","Birth[ MOTHER_FORENAME MOTHER_MAIDEN_SURNAME PLACE_OF_BIRTH ]",,"synthetic-scotland_531k_1_clean","synthetic-scotland_1_0_birth-mother-identity-with-address_links","bronze_JENSEN_SHANNON_0.80_2021-07-02T07-33-11.593Z",8.99529364,"b5c0cabb219d9d96bf483ebe68dff495c3a69dc3",sif-6,595039386,90000,90000,90000,70,0.80,3,50,15,15,55,20,120,"cluster-runs/results/thesis-1-sif-6.csv",bronze,6,12,12345,synthetic-scotland,531k,0,JENSEN_SHANNON,"birth-mother-identity-with-address",true,false,true,"5F2F7A5FA9A1181D3B4A0D3409B4BF6290F839BF58D2C4BC075A1C2CAECA7E5E",,1,"birth-mother-identity-with-address.ALL.all",,
1625211191593,false,0,13019,1146801432,479,1.135231596414545E-5,0.964513261223885,2.2704364698038938E-5,145834,"uk.ac.standrews.cs.population_linkage.linkageRecipes.BirthMotherIdentityWithAddressLinkageRecipe","Birth[ FORENAME SURNAME PARENTS_PLACE_OF_MARRIAGE ]","Birth[ MOTHER_FORENAME MOTHER_MAIDEN_SURNAME PLACE_OF_BIRTH ]",,"synthetic-scotland_531k_1_clean","synthetic-scotland_1_0_birth-mother-identity-with-address_links","bronze_JENSEN_SHANNON_0.80_2021-07-02T07-33-11.593Z",9.009973704,"b5c0cabb219d9d96bf483ebe68dff495c3a69dc3",sif-6,595039386,90000,90000,90000,70,0.80,3,50,15,15,55,20,120,"cluster-runs/results/thesis-1-sif-6.csv",bronze,6,12,12345,synthetic-scotland,531k,0,JENSEN_SHANNON,"birth-mother-identity-with-address",true,false,true,"5F2F7A5FA9A1181D3B4A0D3409B4BF6290F839BF58D2C4BC075A1C2CAECA7E5E",,1,"birth-mother-identity-with-address.PARENTAL_STATUS.Residing-Separately",,
1625211191593,false,0,271150,22262417731,8297,1.217957100552269E-5,0.9703092178481072,2.435883625266414E-5,145834,"uk.ac.standrews.cs.population_linkage.linkageRecipes.BirthMotherIdentityWithAddressLinkageRecipe","Birth[ FORENAME SURNAME PARENTS_PLACE_OF_MARRIAGE ]","Birth[ MOTHER_FORENAME MOTHER_MAIDEN_SURNAME PLACE_OF_BIRTH ]",,"synthetic-scotland_531k_1_clean","synthetic-scotland_1_0_birth-mother-identity-with-address_links","bronze_JENSEN_SHANNON_0.80_2021-07-02T07-33-11.593Z",9.022556616,"b5c0cabb219d9d96bf483ebe68dff495c3a69dc3",sif-6,595039386,90000,90000,90000,70,0.80,3,50,15,15,55,20,120,"cluster-runs/results/thesis-1-sif-6.csv",bronze,6,12,12345,synthetic-scotland,531k,0,JENSEN_SHANNON,"birth-mother-identity-with-address",true,false,true,"5F2F7A5FA9A1181D3B4A0D3409B4BF6290F839BF58D2C4BC075A1C2CAECA7E5E",,1,"birth-mother-identity-with-address.PARENTAL_STATUS.Married",,
1625357144690,false,8563,0,0,292445,0.0,0.0,0.0,27691,"uk.ac.standrews.cs.population_linkage.linkageRecipes.BirthMotherIdentityWithAddressLinkageRecipe","Birth[ FORENAME SURNAME PARENTS_PLACE_OF_MARRIAGE ]","Birth[ MOTHER_FORENAME MOTHER_MAIDEN_SURNAME PLACE_OF_BIRTH ]",,"synthetic-scotland_531k_4_clean","synthetic-scotland_4_0_birth-mother-identity-with-address_links","bronze_JENSEN_SHANNON_0.15_2021-07-04T00-05-44.69Z",8.69690408,"b5c0cabb219d9d96bf483ebe68dff495c3a69dc3",sif-6,2115462489,90000,90000,90000,70,0.15,3,50,15,15,55,20,120,"cluster-runs/results/thesis-1-sif-6.csv",bronze,6,12,12345,synthetic-scotland,531k,0,JENSEN_SHANNON,"birth-mother-identity-with-address",true,false,true,-,,4,"birth-mother-identity-with-address.ALL.all",,
1625384839249,false,8563,79,692,292366,0.10246433203631647,2.701362649387064E-4,5.388519043981229E-4,28156,"uk.ac.standrews.cs.population_linkage.linkageRecipes.BirthMotherIdentityWithAddressLinkageRecipe","Birth[ FORENAME SURNAME PARENTS_PLACE_OF_MARRIAGE ]","Birth[ MOTHER_FORENAME MOTHER_MAIDEN_SURNAME PLACE_OF_BIRTH ]",,"synthetic-scotland_531k_4_clean","synthetic-scotland_4_0_birth-mother-identity-with-address_links","bronze_JENSEN_SHANNON_0.35_2021-07-04T07-47-19.249Z",6.975913288,"b5c0cabb219d9d96bf483ebe68dff495c3a69dc3",sif-6,326111597,90000,90000,90000,70,0.35,3,50,15,15,55,20,120,"cluster-runs/results/thesis-1-sif-6.csv",bronze,6,12,12345,synthetic-scotland,531k,0,JENSEN_SHANNON,"birth-mother-identity-with-address",true,false,true,-,,4,"birth-mother-identity-with-address.ALL.all",,
1625384839249,false,0,79,692,278321,0.10246433203631647,2.8376436781609197E-4,5.659613641818097E-4,28156,"uk.ac.standrews.cs.population_linkage.linkageRecipes.BirthMotherIdentityWithAddressLinkageRecipe","Birth[ FORENAME SURNAME PARENTS_PLACE_OF_MARRIAGE ]","Birth[ MOTHER_FORENAME MOTHER_MAIDEN_SURNAME PLACE_OF_BIRTH ]",,"synthetic-scotland_531k_4_clean","synthetic-scotland_4_0_birth-mother-identity-with-address_links","bronze_JENSEN_SHANNON_0.35_2021-07-04T07-47-19.249Z",6.990593352,"b5c0cabb219d9d96bf483ebe68dff495c3a69dc3",sif-6,326111597,90000,90000,90000,70,0.35,3,50,15,15,55,20,120,"cluster-runs/results/thesis-1-sif-6.csv",bronze,6,12,12345,synthetic-scotland,531k,0,JENSEN_SHANNON,"birth-mother-identity-with-address",true,false,true,-,,4,"birth-mother-identity-with-address.PARENTAL_STATUS.Married",,
1625412999811,false,0,13498,132081,0,0.09271941694887312,1.0,0.16970397983366545,12956,"uk.ac.standrews.cs.population_linkage.linkageRecipes.BirthMotherIdentityLinkageRecipe","Birth[ FORENAME SURNAME ]","Birth[ MOTHER_FORENAME MOTHER_MAIDEN_SURNAME ]",,"synthetic-scotland_531k_1_clean","synthetic-scotland_1_0_birth-mother-identity_links","bronze_JENSEN_SHANNON_0.20_2021-07-04T15-36-39.811Z",7.444313,"b5c0cabb219d9d96bf483ebe68dff495c3a69dc3",sif-6,997801968,90000,90000,90000,70,0.20,2,50,15,15,55,20,120,"cluster-runs/results/thesis-1-sif-6.csv",bronze,6,12,12345,synthetic-scotland,531k,0,JENSEN_SHANNON,birth-mother-identity,true,false,true,"0557CD005EF967613F36ED5F69EBD4D209D5DDE8A2638B46FFBFA73731C0A7B0",,1,"birth-mother-identity.PARENTAL_STATUS.Residing-Separately",,
1625412999811,false,0,279447,2548106,0,0.09882997772278716,1.0,0.17988220148052783,12956,"uk.ac.standrews.cs.population_linkage.linkageRecipes.BirthMotherIdentityLinkageRecipe","Birth[ FORENAME SURNAME ]","Birth[ MOTHER_FORENAME MOTHER_MAIDEN_SURNAME ]",,"synthetic-scotland_531k_1_clean","synthetic-scotland_1_0_birth-mother-identity_links","bronze_JENSEN_SHANNON_0.20_2021-07-04T15-36-39.811Z",7.456895912,"b5c0cabb219d9d96bf483ebe68dff495c3a69dc3",sif-6,997801968,90000,90000,90000,70,0.20,2,50,15,15,55,20,120,"cluster-runs/results/thesis-1-sif-6.csv",bronze,6,12,12345,synthetic-scotland,531k,0,JENSEN_SHANNON,birth-mother-identity,true,false,true,"0557CD005EF967613F36ED5F69EBD4D209D5DDE8A2638B46FFBFA73731C0A7B0",,1,"birth-mother-identity.PARENTAL_STATUS.Married",,
1625412999811,false,0,292945,2680187,0,0.09853077495381975,1.0,0.17938646271964806,12956,"uk.ac.standrews.cs.population_linkage.linkageRecipes.BirthMotherIdentityLinkageRecipe","Birth[ FORENAME SURNAME ]","Birth[ MOTHER_FORENAME MOTHER_MAIDEN_SURNAME ]",,"synthetic-scotland_531k_1_clean","synthetic-scotland_1_0_birth-mother-identity_links","bronze_JENSEN_SHANNON_0.20_2021-07-04T15-36-39.811Z",7.469478824,"b5c0cabb219d9d96bf483ebe68dff495c3a69dc3",sif-6,997801968,90000,90000,90000,70,0.20,2,50,15,15,55,20,120,"cluster-runs/results/thesis-1-sif-6.csv",bronze,6,12,12345,synthetic-scotland,531k,0,JENSEN_SHANNON,birth-mother-identity,true,false,true,"0557CD005EF967613F36ED5F69EBD4D209D5DDE8A2638B46FFBFA73731C0A7B0",,1,"birth-mother-identity.ALL.all",,
1625425962486,true,26,883,790,492,0.5277943813508668,0.6421818181818182,0.5793963254593176,16,"uk.ac.standrews.cs.population_linkage.linkageRecipes.DeathGroomOwnMarriageIdentityLinkageRecipe","Death[ FORENAME SURNAME SPOUSE_NAMES FATHER_FORENAME FATHER_SURNAME MOTHER_FORENAME MOTHER_MAIDEN_SURNAME ]","Marriage[ GROOM_FORENAME GROOM_SURNAME BRIDE_FULL_NAME GROOM_FATHER_FORENAME GROOM_FATHER_SURNAME GROOM_MOTHER_FORENAME GROOM_MOTHER_MAIDEN_SURNAME ]",,"synthetic-scotland_13k_2_corrupted_A","synthetic-scotland_2_A_death-groom-identity_links","green_JENSEN_SHANNON_0.65_2021-07-04T19-12-42.486Z",1.361388072,"b5c0cabb219d9d96bf483ebe68dff495c3a69dc3",sif-6,-1004049050,90000,90000,90000,70,0.65,6,50,15,15,55,20,120,"cluster-runs/results/thesis-1-sif-6.csv",green,10,12,12345,synthetic-scotland,13k,A,JENSEN_SHANNON,death-groom-identity,true,false,true,"6767B4322516D082F81CE25385D64A2FECF7C7B28848B1BDB7F23581088ACDEF",,2,"death-groom-identity.ALL.all",,
1625425981166,true,26,670,23,705,0.9668109668109668,0.48727272727272725,0.6479690522243714,14,"uk.ac.standrews.cs.population_linkage.linkageRecipes.DeathGroomOwnMarriageIdentityLinkageRecipe","Death[ FORENAME SURNAME SPOUSE_NAMES FATHER_FORENAME FATHER_SURNAME MOTHER_FORENAME MOTHER_MAIDEN_SURNAME ]","Marriage[ GROOM_FORENAME GROOM_SURNAME BRIDE_FULL_NAME GROOM_FATHER_FORENAME GROOM_FATHER_SURNAME GROOM_MOTHER_FORENAME GROOM_MOTHER_MAIDEN_SURNAME ]",,"synthetic-scotland_13k_2_corrupted_A","synthetic-scotland_2_A_death-groom-identity_links","green_JENSEN_SHANNON_0.45_2021-07-04T19-13-01.166Z",0.798047784,"b5c0cabb219d9d96bf483ebe68dff495c3a69dc3",sif-6,785301842,90000,90000,90000,70,0.45,6,50,15,15,55,20,120,"cluster-runs/results/thesis-1-sif-6.csv",green,10,12,12345,synthetic-scotland,13k,A,JENSEN_SHANNON,death-groom-identity,true,false,true,"BC6965E114B85E469FCF44F72C88ED9D05B8A002E35318921D96A2C46FAE2D7B",,2,"death-groom-identity.ALL.all",,
1625426118015,true,1196,28766,924,27629,0.9688784102391378,0.5100806809114283,0.6683161991055352,9476,"uk.ac.standrews.cs.population_linkage.linkageRecipes.DeathGroomOwnMarriageIdentityLinkageRecipe","Death[ FORENAME SURNAME SPOUSE_NAMES FATHER_FORENAME FATHER_SURNAME MOTHER_FORENAME MOTHER_MAIDEN_SURNAME ]","Marriage[ GROOM_FORENAME GROOM_SURNAME BRIDE_FULL_NAME GROOM_FATHER_FORENAME GROOM_FATHER_SURNAME GROOM_MOTHER_FORENAME GROOM_MOTHER_MAIDEN_SURNAME ]",,"synthetic-scotland_531k_1_corrupted_A","synthetic-scotland_1_A_death-groom-identity_links","green_JENSEN_SHANNON_0.45_2021-07-04T19-15-18.015Z",7.993563928,"b5c0cabb219d9d96bf483ebe68dff495c3a69dc3",sif-6,785301842,90000,90000,90000,70,0.45,6,50,15,15,55,20,120,"cluster-runs/results/thesis-1-sif-6.csv",green,12,12,12345,synthetic-scotland,531k,A,JENSEN_SHANNON,death-groom-identity,true,false,true,"88023ED006BE9A17791CCE78467C7445854FA4EFF5E14CB70266AAFBE3697863",,1,"death-groom-identity.ALL.all",,
1625435597167,true,4149,22596,0,33799,1.0,0.4006738186009398,0.5721158106619741,7025,"uk.ac.standrews.cs.population_linkage.linkageRecipes.DeathGroomOwnMarriageIdentityWithOccupationsLinkageRecipe","Death[ FORENAME SURNAME SPOUSE_NAMES FATHER_FORENAME FATHER_SURNAME MOTHER_FORENAME MOTHER_MAIDEN_SURNAME OCCUPATION SPOUSE_OCCUPATION ]","Marriage[ GROOM_FORENAME GROOM_SURNAME BRIDE_FULL_NAME GROOM_FATHER_FORENAME GROOM_FATHER_SURNAME GROOM_MOTHER_FORENAME GROOM_MOTHER_MAIDEN_SURNAME GROOM_OCCUPATION BRIDE_OCCUPATION ]",,"synthetic-scotland_531k_1_corrupted_A","synthetic-scotland_1_A_death-groom-identity-with-occupations_links","green_JENSEN_SHANNON_0.7_2021-07-04T21-53-17.167Z",3.188530504,"b5c0cabb219d9d96bf483ebe68dff495c3a69dc3",sif-6,-1785770687,90000,90000,90000,70,0.7,8,50,15,15,55,20,120,"cluster-runs/results/thesis-1-sif-6.csv",green,12,12,12345,synthetic-scotland,531k,A,JENSEN_SHANNON,"death-groom-identity-with-occupations",true,false,true,"11B60188CBBADB39EFEF9C2199C66483F6A0B73AF04F92EFE90AD620B334A8BC",,1,"death-groom-identity-with-occupations.ALL.all",,
1625443040762,true,4069,48418,642772,8018,0.0700502032726168,0.8579275639662627,0.12952465537581626,12527,"uk.ac.standrews.cs.population_linkage.linkageRecipes.DeathGroomOwnMarriageIdentityWithOccupationsLinkageRecipe","Death[ FORENAME SURNAME SPOUSE_NAMES FATHER_FORENAME FATHER_SURNAME MOTHER_FORENAME MOTHER_MAIDEN_SURNAME OCCUPATION SPOUSE_OCCUPATION ]","Marriage[ GROOM_FORENAME GROOM_SURNAME BRIDE_FULL_NAME GROOM_FATHER_FORENAME GROOM_FATHER_SURNAME GROOM_MOTHER_FORENAME GROOM_MOTHER_MAIDEN_SURNAME GROOM_OCCUPATION BRIDE_OCCUPATION ]",,"synthetic-scotland_531k_3_corrupted_A","synthetic-scotland_3_A_death-groom-identity-with-occupations_links","green_JENSEN_SHANNON_0.85_2021-07-04T23-57-20.762Z",8.34306044,"b5c0cabb219d9d96bf483ebe68dff495c3a69dc3",sif-6,709512302,90000,90000,90000,70,0.85,8,50,15,15,55,20,120,"cluster-runs/results/thesis-1-sif-6.csv",green,12,12,12345,synthetic-scotland,531k,A,JENSEN_SHANNON,"death-groom-identity-with-occupations",true,false,true,"8CB4E021B7D8E400EF710789DFB982E39C2C927B2D370AD02F336E4E70EC9BD7",,3,"death-groom-identity-with-occupations.ALL.all",,
1625456109264,true,4060,47881,634542,7985,0.07016322720658595,0.8570687001038199,0.12970801407037083,15915,"uk.ac.standrews.cs.population_linkage.linkageRecipes.DeathGroomOwnMarriageIdentityWithOccupationsLinkageRecipe","Death[ FORENAME SURNAME SPOUSE_NAMES FATHER_FORENAME FATHER_SURNAME MOTHER_FORENAME MOTHER_MAIDEN_SURNAME OCCUPATION SPOUSE_OCCUPATION ]","Marriage[ GROOM_FORENAME GROOM_SURNAME BRIDE_FULL_NAME GROOM_FATHER_FORENAME GROOM_FATHER_SURNAME GROOM_MOTHER_FORENAME GROOM_MOTHER_MAIDEN_SURNAME GROOM_OCCUPATION BRIDE_OCCUPATION ]",,"synthetic-scotland_531k_4_corrupted_A","synthetic-scotland_4_A_death-groom-identity-with-occupations_links","green_JENSEN_SHANNON_0.85_2021-07-05T03-35-09.264Z",6.576290544,"b5c0cabb219d9d96bf483ebe68dff495c3a69dc3",sif-6,709512302,90000,90000,90000,70,0.85,8,50,15,15,55,20,120,"cluster-runs/results/thesis-1-sif-6.csv",green,12,12,12345,synthetic-scotland,531k,A,JENSEN_SHANNON,"death-groom-identity-with-occupations",true,false,true,-,,4,"death-groom-identity-with-occupations.ALL.all",,
1625472081821,true,1010,8163,809,6085,0.9098305840392331,0.5729225154407637,0.7031007751937984,1249,"uk.ac.standrews.cs.population_linkage.linkageRecipes.DeathGroomOwnMarriageIdentityWithOccupationsLinkageRecipe","Death[ FORENAME SURNAME SPOUSE_NAMES FATHER_FORENAME FATHER_SURNAME MOTHER_FORENAME MOTHER_MAIDEN_SURNAME OCCUPATION SPOUSE_OCCUPATION ]","Marriage[ GROOM_FORENAME GROOM_SURNAME BRIDE_FULL_NAME GROOM_FATHER_FORENAME GROOM_FATHER_SURNAME GROOM_MOTHER_FORENAME GROOM_MOTHER_MAIDEN_SURNAME GROOM_OCCUPATION BRIDE_OCCUPATION ]",,"synthetic-scotland_133k_4_corrupted_A","synthetic-scotland_4_A_death-groom-identity-with-occupations_links","green_JENSEN_SHANNON_0.775_2021-07-05T08-01-21.821Z",5.05836848,"b5c0cabb219d9d96bf483ebe68dff495c3a69dc3",sif-6,849259007,90000,90000,90000,70,0.775,8,50,15,15,55,20,120,"cluster-runs/results/thesis-1-sif-6.csv",green,12,12,12345,synthetic-scotland,133k,A,JENSEN_SHANNON,"death-groom-identity-with-occupations",true,false,true,-,,4,"death-groom-identity-with-occupations.ALL.all",,
